Seq,Chapter,Source PDF Page,Table Number,Detected Title,Row #,Col_1,Col_2,Col_3,Col_4,Col_5,Col_6,Col_7,Col_8,Col_9,Col_10,Col_11,Col_12,Col_13,Col_14,Col_15,Col_16,Col_17,Col_18,Col_19,Col_20,Col_21,Col_22,Col_23,Col_24,Col_25,Col_26,Col_27,Col_28,Col_29
15,9 Organic Materials,38,,Table8-1:Soilacidity effects on grassland and tillage crops,1,Table8-1:Soilacidity effects on grassland and tillage crops,,,,,,,,,,,,,,,,,,,,,,,,,,,,
15,9 Organic Materials,38,,Table8-1:Soilacidity effects on grassland and tillage crops,2,,"rezilitref K & P ,N fo esu tneiciffe rof egnar mumitpO",,pH,Effect,,,,,,,,,,,,,,,,,,,,,,,,
15,9 Organic Materials,38,,Table8-1:Soilacidity effects on grassland and tillage crops,3,,,,8.0,"Overlimed: low availability ofmicronutrients, especially of Mg, Mn and B",,,,,,,,,,,,,,,,,,,,,,,,
15,9 Organic Materials,38,,Table8-1:Soilacidity effects on grassland and tillage crops,4,,,,7.2,"Top of optimum range for efficient use of N, PandKfertilizer",,,,,,,,,,,,,,,,,,,,,,,,
15,9 Organic Materials,38,,Table8-1:Soilacidity effects on grassland and tillage crops,5,,,,7.0,"Optimum pH for white clover, beet (sugar and fodder), beans, peas, and oil",,,,,,,,,,,,,,,,,,,,,,,,
15,9 Organic Materials,38,,Table8-1:Soilacidity effects on grassland and tillage crops,6,,,,,seed rape.,,,,,,,,,,,,,,,,,,,,,,,,
15,9 Organic Materials,38,,Table8-1:Soilacidity effects on grassland and tillage crops,7,,,,6.5,Optimum pH for cereals.,,,,,,,,,,,,,,,,,,,,,,,,
15,9 Organic Materials,38,,Table8-1:Soilacidity effects on grassland and tillage crops,8,,,,6.3,Optimum pH for grass.,,,,,,,,,,,,,,,,,,,,,,,,
15,9 Organic Materials,38,,Table8-1:Soilacidity effects on grassland and tillage crops,9,,,6.2,,Maximum pH for grass on high Mo soils,,,,,,,,,,,,,,,,,,,,,,,,
15,9 Organic Materials,38,,Table8-1:Soilacidity effects on grassland and tillage crops,10,,,,,"Bottom of optimum range for efficient use of N, PandKfertilizer for most",,,,,,,,,,,,,,,,,,,,,,,,
15,9 Organic Materials,38,,Table8-1:Soilacidity effects on grassland and tillage crops,11,,,,,crops,,,,,,,,,,,,,,,,,,,,,,,,
15,9 Organic Materials,38,,Table8-1:Soilacidity effects on grassland and tillage crops,12,,,,6.0,Optimum pH for potatoes.,,,,,,,,,,,,,,,,,,,,,,,,
15,9 Organic Materials,38,,Table8-1:Soilacidity effects on grassland and tillage crops,13,,,,5.5,Optimum pH for peats.,,,,,,,,,,,,,,,,,,,,,,,,
15,9 Organic Materials,38,,Table8-1:Soilacidity effects on grassland and tillage crops,14,,,,5.0,Very acid. Possibility ofAl and Mn toxicity.,,,,,,,,,,,,,,,,,,,,,,,,
16,9 Organic Materials,40,,"Table9-1: Dry Matter andN, P and K levels incattle slurry samples from Irish farms1,2",1,"Table9-1: Dry Matter andN, P and K levels incattle slurry samples from Irish farms1,2",,,,,,,,,,,,,,,,,,,,,,,,,,,,
16,9 Organic Materials,40,,"Table9-1: Dry Matter andN, P and K levels incattle slurry samples from Irish farms1,2",2,Cattle slurry,,DM %,,N kg/t,,NH -N kg/t 4,,P kg/t,K kg/t,,,,,,,,,,,,,,,,,,,
16,9 Organic Materials,40,,"Table9-1: Dry Matter andN, P and K levels incattle slurry samples from Irish farms1,2",3,,Average values,,6.3,,2.4,,1.4,0.5,,3.5,,,,,,,,,,,,,,,,,,
16,9 Organic Materials,40,,"Table9-1: Dry Matter andN, P and K levels incattle slurry samples from Irish farms1,2",4,,Range in values,,0.4-11.9,,0.2-5.2,,0.2-3.4,0.1-1.1,,0.5 -7.7,,,,,,,,,,,,,,,,,,
16,9 Organic Materials,40,,"Table9-1: Dry Matter andN, P and K levels incattle slurry samples from Irish farms1,2",5,,"1. Surveys of cattle slurry (dairy and beef farms) conducted by Berryet al.,2013.",,,,,,,,,,,,,,,,,,,,,,,,,,,
16,9 Organic Materials,40,,"Table9-1: Dry Matter andN, P and K levels incattle slurry samples from Irish farms1,2",6,,2. 1 tonne slurry = 1000 litres = 1 m3. 1000 gallons = 4.5 tonnes. 1000 gallons/acre = 11,,,,,,,,,,,,,,,,,,,,,,,,,,,
16,9 Organic Materials,40,,"Table9-1: Dry Matter andN, P and K levels incattle slurry samples from Irish farms1,2",7,,tonnes/ha. (See Appendix 1).,,,,,,,,,,,,,,,,,,,,,,,,,,,
17,9 Organic Materials,42,,Table9-2: Nitrogenfertilizer replacement value (NFRV)1incattle slurry according to application timing and method,1,Table9-2: Nitrogenfertilizer replacement value (NFRV)1incattle slurry according to application timing and method,,,,,,,,,,,,,,,,,,,,,,,,,,,,
17,9 Organic Materials,42,,Table9-2: Nitrogenfertilizer replacement value (NFRV)1incattle slurry according to application timing and method,2,Timing,,Method,,NFRV (%)2,,,,,,,,,,,,,,,,,,,,,,,,
17,9 Organic Materials,42,,Table9-2: Nitrogenfertilizer replacement value (NFRV)1incattle slurry according to application timing and method,3,Spring,,,Splashplate,,30,,,,,,,,,,,,,,,,,,,,,,,
17,9 Organic Materials,42,,Table9-2: Nitrogenfertilizer replacement value (NFRV)1incattle slurry according to application timing and method,4,,,,Trailing shoe,,40,,,,,,,,,,,,,,,,,,,,,,,
17,9 Organic Materials,42,,Table9-2: Nitrogenfertilizer replacement value (NFRV)1incattle slurry according to application timing and method,5,Summer,,,Splashplate,,15,,,,,,,,,,,,,,,,,,,,,,,
17,9 Organic Materials,42,,Table9-2: Nitrogenfertilizer replacement value (NFRV)1incattle slurry according to application timing and method,6,,,,Trailing shoe,,25,,,,,,,,,,,,,,,,,,,,,,,
17,9 Organic Materials,42,,Table9-2: Nitrogenfertilizer replacement value (NFRV)1incattle slurry according to application timing and method,7,,1. Nitrogen fertilizer replacement values (NFRV) is the percentage of the total slurry N,,,,,,,,,,,,,,,,,,,,,,,,,,,
17,9 Organic Materials,42,,Table9-2: Nitrogenfertilizer replacement value (NFRV)1incattle slurry according to application timing and method,8,,"available for plant uptake from Laloret al.,2014.",,,,,,,,,,,,,,,,,,,,,,,,,,,
17,9 Organic Materials,42,,Table9-2: Nitrogenfertilizer replacement value (NFRV)1incattle slurry according to application timing and method,9,,"2. Refers to the total NFRV in the year of application, and is the sum of the short term",,,,,,,,,,,,,,,,,,,,,,,,,,,
17,9 Organic Materials,42,,Table9-2: Nitrogenfertilizer replacement value (NFRV)1incattle slurry according to application timing and method,10,,NFRV after slurry application and the residual NFRV over the remainder of the year.,,,,,,,,,,,,,,,,,,,,,,,,,,,
22,9 Organic Materials,46,,Table9-7:TotalSulphur and Magnesiumlevels in organic fertilizers,1,Table9-7:TotalSulphur and Magnesiumlevels in organic fertilizers,,,,,,,,,,,,,,,,,,,,,,,,,,,,
22,9 Organic Materials,46,,Table9-7:TotalSulphur and Magnesiumlevels in organic fertilizers,2,Organic Fertilizer Type,,,S kg/t1,,Mg kg/t1,,,,,,,,,,,,,,,,,,,,,,,
22,9 Organic Materials,46,,Table9-7:TotalSulphur and Magnesiumlevels in organic fertilizers,3,,Cattle slurry,,,0.3,0.4,,,,,,,,,,,,,,,,,,,,,,,
22,9 Organic Materials,46,,Table9-7:TotalSulphur and Magnesiumlevels in organic fertilizers,4,,Pig slurry,,,0.4,0.4,,,,,,,,,,,,,,,,,,,,,,,
22,9 Organic Materials,46,,Table9-7:TotalSulphur and Magnesiumlevels in organic fertilizers,5,,Sheep slurry,,,--,--,,,,,,,,,,,,,,,,,,,,,,,
22,9 Organic Materials,46,,Table9-7:TotalSulphur and Magnesiumlevels in organic fertilizers,6,,Dungstead manure (cattle),,,--,--,,,,,,,,,,,,,,,,,,,,,,,
22,9 Organic Materials,46,,Table9-7:TotalSulphur and Magnesiumlevels in organic fertilizers,7,,Farmyard manure,,,0.9,1.1,,,,,,,,,,,,,,,,,,,,,,,
22,9 Organic Materials,46,,Table9-7:TotalSulphur and Magnesiumlevels in organic fertilizers,8,,Poultry:,Slurry (layers 30% DM),,1.4,1.3,,,,,,,,,,,,,,,,,,,,,,,
22,9 Organic Materials,46,,Table9-7:TotalSulphur and Magnesiumlevels in organic fertilizers,9,,,Broilers / deep litter,,3.2,2.6,,,,,,,,,,,,,,,,,,,,,,,
22,9 Organic Materials,46,,Table9-7:TotalSulphur and Magnesiumlevels in organic fertilizers,10,,,Layers (55% DM),,2.5,2.5,,,,,,,,,,,,,,,,,,,,,,,
22,9 Organic Materials,46,,Table9-7:TotalSulphur and Magnesiumlevels in organic fertilizers,11,,,Turkeys,,--,--,,,,,,,,,,,,,,,,,,,,,,,
22,9 Organic Materials,46,,Table9-7:TotalSulphur and Magnesiumlevels in organic fertilizers,12,,Spent mushroom compost(35% DM),,,6.6,2.1,,,,,,,,,,,,,,,,,,,,,,,
22,9 Organic Materials,46,,Table9-7:TotalSulphur and Magnesiumlevels in organic fertilizers,13,,1. 1 tonne slurry = 1000 litres = 1 m3. 1000 gallons = 4.5 tonnes. 1000,,,,,,,,,,,,,,,,,,,,,,,,,,,
22,9 Organic Materials,46,,Table9-7:TotalSulphur and Magnesiumlevels in organic fertilizers,14,,gallons/acre = 11 tonnes/ha. (See Appendix 1).,,,,,,,,,,,,,,,,,,,,,,,,,,,
22,9 Organic Materials,46,,Table9-7:TotalSulphur and Magnesiumlevels in organic fertilizers,15,,"Source: (DEFRA, 2006)",,,,,,,,,,,,,,,,,,,,,,,,,,,
23,9 Organic Materials,48,,"Table9-8:TypicalavailableN,P, andK applied(kg/ha)1, 2, 3, 4depending on cattle slurry dry matter content and application rate4",1,"Table9-8:TypicalavailableN,P, andK applied(kg/ha)1, 2, 3, 4depending on cattle slurry dry matter content and application rate4",,,,,,,,,,,,,,,,,,,,,,,,,,,,
23,9 Organic Materials,48,,"Table9-8:TypicalavailableN,P, andK applied(kg/ha)1, 2, 3, 4depending on cattle slurry dry matter content and application rate4",2,Slurry Application Rate,,4% DM,,,6% DM,,,8% DM,,,10% DM,,,,,,,,,,,,,,,,,
23,9 Organic Materials,48,,"Table9-8:TypicalavailableN,P, andK applied(kg/ha)1, 2, 3, 4depending on cattle slurry dry matter content and application rate4",3,,,Slurry,,,Slurry,,,Slurry,,,Slurry,,,,,,,,,,,,,,,,,
23,9 Organic Materials,48,,"Table9-8:TypicalavailableN,P, andK applied(kg/ha)1, 2, 3, 4depending on cattle slurry dry matter content and application rate4",4,,,--------------------------------------------kg/ha--------------------------------------------,,,,,,,,,,,,,,,,,,,,,,,,,,
23,9 Organic Materials,48,,"Table9-8:TypicalavailableN,P, andK applied(kg/ha)1, 2, 3, 4depending on cattle slurry dry matter content and application rate4",5,,,N2,P3,K3,N2,P3,K3,N2,P3,K3,N2,P3,K3,,,,,,,,,,,,,,,
23,9 Organic Materials,48,,"Table9-8:TypicalavailableN,P, andK applied(kg/ha)1, 2, 3, 4depending on cattle slurry dry matter content and application rate4",6,,11 t/ha,5,4,23,8,5,32,10,7,40,12,8,49,,,,,,,,,,,,,,,
23,9 Organic Materials,48,,"Table9-8:TypicalavailableN,P, andK applied(kg/ha)1, 2, 3, 4depending on cattle slurry dry matter content and application rate4",7,,22 t/ha,11,7,47,15,10,64,20,13,80,24,16,97,,,,,,,,,,,,,,,
23,9 Organic Materials,48,,"Table9-8:TypicalavailableN,P, andK applied(kg/ha)1, 2, 3, 4depending on cattle slurry dry matter content and application rate4",8,,33 t/ha,16,11,70,23,15,95,30,20,121,37,25,146,,,,,,,,,,,,,,,
23,9 Organic Materials,48,,"Table9-8:TypicalavailableN,P, andK applied(kg/ha)1, 2, 3, 4depending on cattle slurry dry matter content and application rate4",9,,44 t/ha,21,15,93,31,21,127,40,27,161,49,33,195,,,,,,,,,,,,,,,
23,9 Organic Materials,48,,"Table9-8:TypicalavailableN,P, andK applied(kg/ha)1, 2, 3, 4depending on cattle slurry dry matter content and application rate4",10,,55 t/ha,27,18,116,38,26,159,50,33,201,61,41,244,,,,,,,,,,,,,,,
23,9 Organic Materials,48,,"Table9-8:TypicalavailableN,P, andK applied(kg/ha)1, 2, 3, 4depending on cattle slurry dry matter content and application rate4",11,,1. Cattle slurry nutrient values are based on Table 9-1from an on-farm survey of cattle,,,,,,,,,,,,,,,,,,,,,,,,,,,
23,9 Organic Materials,48,,"Table9-8:TypicalavailableN,P, andK applied(kg/ha)1, 2, 3, 4depending on cattle slurry dry matter content and application rate4",12,,"slurry on Irish dairy and beef farms (Berry et al., 2013). Note that total nutrient",,,,,,,,,,,,,,,,,,,,,,,,,,,
23,9 Organic Materials,48,,"Table9-8:TypicalavailableN,P, andK applied(kg/ha)1, 2, 3, 4depending on cattle slurry dry matter content and application rate4",13,,content in slurrycan vary between farms.,,,,,,,,,,,,,,,,,,,,,,,,,,,
23,9 Organic Materials,48,,"Table9-8:TypicalavailableN,P, andK applied(kg/ha)1, 2, 3, 4depending on cattle slurry dry matter content and application rate4",14,,2. N availability values are based on spring application using splashplate assuming,,,,,,,,,,,,,,,,,,,,,,,,,,,
23,9 Organic Materials,48,,"Table9-8:TypicalavailableN,P, andK applied(kg/ha)1, 2, 3, 4depending on cattle slurry dry matter content and application rate4",15,,30% NFRVas per table9-2.,,,,,,,,,,,,,,,,,,,,,,,,,,,
23,9 Organic Materials,48,,"Table9-8:TypicalavailableN,P, andK applied(kg/ha)1, 2, 3, 4depending on cattle slurry dry matter content and application rate4",16,,3. P and K are calculated at 100% availability (i.e. fertilizer replacement value) as per,,,,,,,,,,,,,,,,,,,,,,,,,,,
23,9 Organic Materials,48,,"Table9-8:TypicalavailableN,P, andK applied(kg/ha)1, 2, 3, 4depending on cattle slurry dry matter content and application rate4",17,,"soil P Index 3. However, where slurry is applied to low P and K fertility soils (Index 1",,,,,,,,,,,,,,,,,,,,,,,,,,,
23,9 Organic Materials,48,,"Table9-8:TypicalavailableN,P, andK applied(kg/ha)1, 2, 3, 4depending on cattle slurry dry matter content and application rate4",18,,and 2) the P fertilizer replacement value can be assumed to be 50% and K fertilizer,,,,,,,,,,,,,,,,,,,,,,,,,,,
23,9 Organic Materials,48,,"Table9-8:TypicalavailableN,P, andK applied(kg/ha)1, 2, 3, 4depending on cattle slurry dry matter content and application rate4",19,,replacement value can be assumed to be 90% and application rates should be,,,,,,,,,,,,,,,,,,,,,,,,,,,
23,9 Organic Materials,48,,"Table9-8:TypicalavailableN,P, andK applied(kg/ha)1, 2, 3, 4depending on cattle slurry dry matter content and application rate4",20,,adjusted accordingly.,,,,,,,,,,,,,,,,,,,,,,,,,,,
23,9 Organic Materials,48,,"Table9-8:TypicalavailableN,P, andK applied(kg/ha)1, 2, 3, 4depending on cattle slurry dry matter content and application rate4",21,,4. 1 tonne slurry = 1000 litres = 1 m3. 1000 gallons = 4.5 tonnes. 1000 gallons/acre =,,,,,,,,,,,,,,,,,,,,,,,,,,,
23,9 Organic Materials,48,,"Table9-8:TypicalavailableN,P, andK applied(kg/ha)1, 2, 3, 4depending on cattle slurry dry matter content and application rate4",22,,11 tonnes/ha.Kg/ha x 0.8 = units/ac(See Appendix 1).,,,,,,,,,,,,,,,,,,,,,,,,,,,
32,12 Grassland Nitrogen,67,,"Table12-1:Suggestedtiming of available N applications forgrassswards,with lowlevels (<15%)or,no,cloverpresent,grazed bydairy cowsat various stocking rates",1,"Table12-1:Suggestedtiming of available N applications forgrassswards,with lowlevels (<15%)or,no,cloverpresent,grazed bydairy cowsat various stocking rates",,,,,,,,,,,,,,,,,,,,,,,,,,,,
32,12 Grassland Nitrogen,67,,"Table12-1:Suggestedtiming of available N applications forgrassswards,with lowlevels (<15%)or,no,cloverpresent,grazed bydairy cowsat various stocking rates",2,,,,------------------------ N rates1(kg/ha) for approximate application dates ----------------------,,,,,,,,,,,,,,,,,,,,,,,,,
32,12 Grassland Nitrogen,67,,"Table12-1:Suggestedtiming of available N applications forgrassswards,with lowlevels (<15%)or,no,cloverpresent,grazed bydairy cowsat various stocking rates",3,Stocking rate LU/ha2kg/ha N3,Stocking rate,,,"Jan4, 5 / Feb",,March,,April,,May,,June,,July,,Aug,,"Sept4, 5",,Total N,,,,,,,,
32,12 Grassland Nitrogen,67,,"Table12-1:Suggestedtiming of available N applications forgrassswards,with lowlevels (<15%)or,no,cloverpresent,grazed bydairy cowsat various stocking rates",4,,,,,,,,,,,,,,,,,,,,,"Rate1,6",,,,,,,,
32,12 Grassland Nitrogen,67,,"Table12-1:Suggestedtiming of available N applications forgrassswards,with lowlevels (<15%)or,no,cloverpresent,grazed bydairy cowsat various stocking rates",5,,LU/ha2kg/ha N,,,,,,,,,,,,,,,,,,,,,,,,,,,
32,12 Grassland Nitrogen,67,,"Table12-1:Suggestedtiming of available N applications forgrassswards,with lowlevels (<15%)or,no,cloverpresent,grazed bydairy cowsat various stocking rates",6,,,,,,,,,,,,,,,,,,,,,(kg/ha),,,,,,,,
32,12 Grassland Nitrogen,67,,"Table12-1:Suggestedtiming of available N applications forgrassswards,with lowlevels (<15%)or,no,cloverpresent,grazed bydairy cowsat various stocking rates",7,,<1.0,,≤85,,,,,,25,,,,15,,,,,,,40,,,,,,,,
32,12 Grassland Nitrogen,67,,"Table12-1:Suggestedtiming of available N applications forgrassswards,with lowlevels (<15%)or,no,cloverpresent,grazed bydairy cowsat various stocking rates",8,,1.25,,106,,,,15,,28,,15,,15,,,,,,,73,,,,,,,,
32,12 Grassland Nitrogen,67,,"Table12-1:Suggestedtiming of available N applications forgrassswards,with lowlevels (<15%)or,no,cloverpresent,grazed bydairy cowsat various stocking rates",9,,1.5,,128,,,,28,,35,,25,,23,,,,,,,111,,,,,,,,
32,12 Grassland Nitrogen,67,,"Table12-1:Suggestedtiming of available N applications forgrassswards,with lowlevels (<15%)or,no,cloverpresent,grazed bydairy cowsat various stocking rates",10,,1.75,,149,,,,29,,,,26,,26,,,,17,,,142,,,,,,,,
32,12 Grassland Nitrogen,67,,"Table12-1:Suggestedtiming of available N applications forgrassswards,with lowlevels (<15%)or,no,cloverpresent,grazed bydairy cowsat various stocking rates",11,,2.0,,170,,,,34,,53,,42,,42,,,,31,,,202,,,,,,,,
32,12 Grassland Nitrogen,67,,"Table12-1:Suggestedtiming of available N applications forgrassswards,with lowlevels (<15%)or,no,cloverpresent,grazed bydairy cowsat various stocking rates",12,,2.12,,180,,32,,32,,48,,38,,38,,,,28,,,216,,,,,,,,
32,12 Grassland Nitrogen,67,,"Table12-1:Suggestedtiming of available N applications forgrassswards,with lowlevels (<15%)or,no,cloverpresent,grazed bydairy cowsat various stocking rates",13,,2.25,,191,,31,,41,,54,,37,,37,,,,37,,,237,,,,,,,,
32,12 Grassland Nitrogen,67,,"Table12-1:Suggestedtiming of available N applications forgrassswards,with lowlevels (<15%)or,no,cloverpresent,grazed bydairy cowsat various stocking rates",14,,3.35,,200,,30,,53,,53,,37,,37,,37,,,,27,275,,,,,,,,
32,12 Grassland Nitrogen,67,,"Table12-1:Suggestedtiming of available N applications forgrassswards,with lowlevels (<15%)or,no,cloverpresent,grazed bydairy cowsat various stocking rates",15,,2.47,,210,,31,,54,,54,,56,,37,,37,,,,37,306,,,,,,,,
32,12 Grassland Nitrogen,67,,"Table12-1:Suggestedtiming of available N applications forgrassswards,with lowlevels (<15%)or,no,cloverpresent,grazed bydairy cowsat various stocking rates",16,,>2.4,7,≥210,,32,,49,,55,,38,,38,,38,,,,28,2796,,,,,,,,
32,12 Grassland Nitrogen,67,,"Table12-1:Suggestedtiming of available N applications forgrassswards,with lowlevels (<15%)or,no,cloverpresent,grazed bydairy cowsat various stocking rates",17,,1. Rates shown above refer to recommended application of available fertilizer. Chemical fertilizer,,,,,,,,,,,,,,,,,,,,,,,,,,,
32,12 Grassland Nitrogen,67,,"Table12-1:Suggestedtiming of available N applications forgrassswards,with lowlevels (<15%)or,no,cloverpresent,grazed bydairy cowsat various stocking rates",18,,rates should be calculated by deducting the available N contained in organic fertilizer,,,,,,,,,,,,,,,,,,,,,,,,,,,
32,12 Grassland Nitrogen,67,,"Table12-1:Suggestedtiming of available N applications forgrassswards,with lowlevels (<15%)or,no,cloverpresent,grazed bydairy cowsat various stocking rates",19,,applications from the rates shown in the table above.,,,,,,,,,,,,,,,,,,,,,,,,,,,
32,12 Grassland Nitrogen,67,,"Table12-1:Suggestedtiming of available N applications forgrassswards,with lowlevels (<15%)or,no,cloverpresent,grazed bydairy cowsat various stocking rates",20,,2. Livestock unit (LU) per ha refers to a mature dairy cow.,,,,,,,,,,,,,,,,,,,,,,,,,,,
32,12 Grassland Nitrogen,67,,"Table12-1:Suggestedtiming of available N applications forgrassswards,with lowlevels (<15%)or,no,cloverpresent,grazed bydairy cowsat various stocking rates",21,,3. Total annual organic nitrogen (kg) excreted by grazing livestock averaged over the net grassland,,,,,,,,,,,,,,,,,,,,,,,,,,,
32,12 Grassland Nitrogen,67,,"Table12-1:Suggestedtiming of available N applications forgrassswards,with lowlevels (<15%)or,no,cloverpresent,grazed bydairy cowsat various stocking rates",22,,area (grazing and silage area). Stocking rate refers to grassland area only.,,,,,,,,,,,,,,,,,,,,,,,,,,,
32,12 Grassland Nitrogen,67,,"Table12-1:Suggestedtiming of available N applications forgrassswards,with lowlevels (<15%)or,no,cloverpresent,grazed bydairy cowsat various stocking rates",23,,"4. Rates shown above refer to grazed swards only, and are not suitable as a guideline value of the",,,,,,,,,,,,,,,,,,,,,,,,,,,
32,12 Grassland Nitrogen,67,,"Table12-1:Suggestedtiming of available N applications forgrassswards,with lowlevels (<15%)or,no,cloverpresent,grazed bydairy cowsat various stocking rates",24,,N requirement for the entire grassland area. The N requirement for the entire grassland area will,,,,,,,,,,,,,,,,,,,,,,,,,,,
32,12 Grassland Nitrogen,67,,"Table12-1:Suggestedtiming of available N applications forgrassswards,with lowlevels (<15%)or,no,cloverpresent,grazed bydairy cowsat various stocking rates",25,,"depend on the proportions of the area that are grazed, or cut as silage or hay.",,,,,,,,,,,,,,,,,,,,,,,,,,,
32,12 Grassland Nitrogen,67,,"Table12-1:Suggestedtiming of available N applications forgrassswards,with lowlevels (<15%)or,no,cloverpresent,grazed bydairy cowsat various stocking rates",26,,5. Chemical or organic fertilizers cannot be applied during periods when application is prohibited by,,,,,,,,,,,,,,,,,,,,,,,,,,,
32,12 Grassland Nitrogen,67,,"Table12-1:Suggestedtiming of available N applications forgrassswards,with lowlevels (<15%)or,no,cloverpresent,grazed bydairy cowsat various stocking rates",27,,NAP regulations.,,,,,,,,,,,,,,,,,,,,,,,,,,,
32,12 Grassland Nitrogen,67,,"Table12-1:Suggestedtiming of available N applications forgrassswards,with lowlevels (<15%)or,no,cloverpresent,grazed bydairy cowsat various stocking rates",28,,"6. At stocking rates above 210 kg/ha organic N, fertiliser N advice is constrained by the NAP",,,,,,,,,,,,,,,,,,,,,,,,,,,
32,12 Grassland Nitrogen,67,,"Table12-1:Suggestedtiming of available N applications forgrassswards,with lowlevels (<15%)or,no,cloverpresent,grazed bydairy cowsat various stocking rates",29,,regulations.,,,,,,,,,,,,,,,,,,,,,,,,,,,
32,12 Grassland Nitrogen,67,,"Table12-1:Suggestedtiming of available N applications forgrassswards,with lowlevels (<15%)or,no,cloverpresent,grazed bydairy cowsat various stocking rates",30,,7. Total N use on the farm must comply with NAP regulations.,,,,,,,,,,,,,,,,,,,,,,,,,,,
33,12 Grassland Nitrogen,69,,Table12-2:Suggestedtiming of available N applications for swards grazed by suckler calf to weaning production systems (weaned within9monthsof age)at various stocking rates,1,Table12-2:Suggestedtiming of available N applications for swards grazed by suckler calf to weaning production systems (weaned within9monthsof age)at various stocking rates,,,,,,,,,,,,,,,,,,,,,,,,,,,,
33,12 Grassland Nitrogen,69,,Table12-2:Suggestedtiming of available N applications for swards grazed by suckler calf to weaning production systems (weaned within9monthsof age)at various stocking rates,2,,,---------------------- N rates1(kg/ha) for approximate application dates ---------------------,,,,,,,,,,,,,,,,,,,,,,,,,,
33,12 Grassland Nitrogen,69,,Table12-2:Suggestedtiming of available N applications for swards grazed by suckler calf to weaning production systems (weaned within9monthsof age)at various stocking rates,3,Stocking rate LU/ha2kg/ha N3,Stocking rate,,"Jan4,5 / Feb",March,,April,,May,,June,,July,,Aug,,"Sept4,5",,Total N,,,,,,,,,,
33,12 Grassland Nitrogen,69,,Table12-2:Suggestedtiming of available N applications for swards grazed by suckler calf to weaning production systems (weaned within9monthsof age)at various stocking rates,4,,,,,,,,,,,,,,,,,,,"Rate1,6",,,,,,,,,,
33,12 Grassland Nitrogen,69,,Table12-2:Suggestedtiming of available N applications for swards grazed by suckler calf to weaning production systems (weaned within9monthsof age)at various stocking rates,5,,LU/ha2kg/ha N,,,,,,,,,,,,,,,,,,,,,,,,,,,
33,12 Grassland Nitrogen,69,,Table12-2:Suggestedtiming of available N applications for swards grazed by suckler calf to weaning production systems (weaned within9monthsof age)at various stocking rates,6,,,,,,,,,,,,,,,,,,,(kg/ha),,,,,,,,,,
33,12 Grassland Nitrogen,69,,Table12-2:Suggestedtiming of available N applications for swards grazed by suckler calf to weaning production systems (weaned within9monthsof age)at various stocking rates,7,,≤1.0,≤80,,,20,,,,,,15,,,,,,,35,,,,,,,,,,
33,12 Grassland Nitrogen,69,,Table12-2:Suggestedtiming of available N applications for swards grazed by suckler calf to weaning production systems (weaned within9monthsof age)at various stocking rates,8,,1.25,92,,,15,,17,,,,15,,,,,,,47,,,,,,,,,,
33,12 Grassland Nitrogen,69,,Table12-2:Suggestedtiming of available N applications for swards grazed by suckler calf to weaning production systems (weaned within9monthsof age)at various stocking rates,9,,1.5,110,,,20,,23,,,,23,,,,,,,66,,,,,,,,,,
33,12 Grassland Nitrogen,69,,Table12-2:Suggestedtiming of available N applications for swards grazed by suckler calf to weaning production systems (weaned within9monthsof age)at various stocking rates,10,,1.75,129,,,23,,26,,13,,26,,,,17,,,105,,,,,,,,,,
33,12 Grassland Nitrogen,69,,Table12-2:Suggestedtiming of available N applications for swards grazed by suckler calf to weaning production systems (weaned within9monthsof age)at various stocking rates,11,,2.0,148,,,25,,34,,17,,42,,,,31,,,149,,,,,,,,,,
33,12 Grassland Nitrogen,69,,Table12-2:Suggestedtiming of available N applications for swards grazed by suckler calf to weaning production systems (weaned within9monthsof age)at various stocking rates,12,,2.25,166,,,28,,39,,25,,20,,28,,,,25,165,,,,,,,,,,
33,12 Grassland Nitrogen,69,,Table12-2:Suggestedtiming of available N applications for swards grazed by suckler calf to weaning production systems (weaned within9monthsof age)at various stocking rates,13,,2.5,185,,,34,,44,,25,,30,,33,,,,31,197,,,,,,,,,,
33,12 Grassland Nitrogen,69,,Table12-2:Suggestedtiming of available N applications for swards grazed by suckler calf to weaning production systems (weaned within9monthsof age)at various stocking rates,14,,2.75,218,,,37,,48,,29,,37,,33,,,,33,217,,,,,,,,,,
33,12 Grassland Nitrogen,69,,Table12-2:Suggestedtiming of available N applications for swards grazed by suckler calf to weaning production systems (weaned within9monthsof age)at various stocking rates,15,,3.0,238,,,42,,53,,39,,37,,37,,,,37,245,,,,,,,,,,
33,12 Grassland Nitrogen,69,,Table12-2:Suggestedtiming of available N applications for swards grazed by suckler calf to weaning production systems (weaned within9monthsof age)at various stocking rates,16,,1. Rates shown above refer to recommended application of available fertilizer. Chemical fertilizer,,,,,,,,,,,,,,,,,,,,,,,,,,,
33,12 Grassland Nitrogen,69,,Table12-2:Suggestedtiming of available N applications for swards grazed by suckler calf to weaning production systems (weaned within9monthsof age)at various stocking rates,17,,rates should be calculated by deducting the available N contained in organic fertilizer,,,,,,,,,,,,,,,,,,,,,,,,,,,
33,12 Grassland Nitrogen,69,,Table12-2:Suggestedtiming of available N applications for swards grazed by suckler calf to weaning production systems (weaned within9monthsof age)at various stocking rates,18,,applicationsfrom the rates shown in the table above.,,,,,,,,,,,,,,,,,,,,,,,,,,,
33,12 Grassland Nitrogen,69,,Table12-2:Suggestedtiming of available N applications for swards grazed by suckler calf to weaning production systems (weaned within9monthsof age)at various stocking rates,19,,2. Livestock unit (LU) per ha:1suckler cow plus calf weaned within 9months= 1.1 LU/ha,,,,,,,,,,,,,,,,,,,,,,,,,,,
33,12 Grassland Nitrogen,69,,Table12-2:Suggestedtiming of available N applications for swards grazed by suckler calf to weaning production systems (weaned within9monthsof age)at various stocking rates,20,,3. Total annual nitrogen (kg) excreted by grazing livestock averaged over the net grassland area,,,,,,,,,,,,,,,,,,,,,,,,,,,
33,12 Grassland Nitrogen,69,,Table12-2:Suggestedtiming of available N applications for swards grazed by suckler calf to weaning production systems (weaned within9monthsof age)at various stocking rates,21,,(grazing and silage area). Stocking rate refers to grassland area only.,,,,,,,,,,,,,,,,,,,,,,,,,,,
33,12 Grassland Nitrogen,69,,Table12-2:Suggestedtiming of available N applications for swards grazed by suckler calf to weaning production systems (weaned within9monthsof age)at various stocking rates,22,,"4. Rates shown above refer to grazed swards only, and are not suitable as a guideline value of the",,,,,,,,,,,,,,,,,,,,,,,,,,,
33,12 Grassland Nitrogen,69,,Table12-2:Suggestedtiming of available N applications for swards grazed by suckler calf to weaning production systems (weaned within9monthsof age)at various stocking rates,23,,N requirement for the entire grassland area. The N requirement for the entire grassland area will,,,,,,,,,,,,,,,,,,,,,,,,,,,
33,12 Grassland Nitrogen,69,,Table12-2:Suggestedtiming of available N applications for swards grazed by suckler calf to weaning production systems (weaned within9monthsof age)at various stocking rates,24,,"depend on the proportions of the area that are grazed, or cut as silage or hay.",,,,,,,,,,,,,,,,,,,,,,,,,,,
33,12 Grassland Nitrogen,69,,Table12-2:Suggestedtiming of available N applications for swards grazed by suckler calf to weaning production systems (weaned within9monthsof age)at various stocking rates,25,,5. Chemical or organic fertilizers cannot be applied during periods when application is prohibited by,,,,,,,,,,,,,,,,,,,,,,,,,,,
33,12 Grassland Nitrogen,69,,Table12-2:Suggestedtiming of available N applications for swards grazed by suckler calf to weaning production systems (weaned within9monthsof age)at various stocking rates,26,,NAP regulations.,,,,,,,,,,,,,,,,,,,,,,,,,,,
33,12 Grassland Nitrogen,69,,Table12-2:Suggestedtiming of available N applications for swards grazed by suckler calf to weaning production systems (weaned within9monthsof age)at various stocking rates,27,,6. Total N use on the farm must comply with NAP regulations.,,,,,,,,,,,,,,,,,,,,,,,,,,,
34,12 Grassland Nitrogen,70,,Table12-3:Suggestedtiming of available N applications for swards grazed by suckler calf to beef production systems (steers finished at24 monthsof age and heifers finished at 20 months of age)at various stocking rates,1,Table12-3:Suggestedtiming of available N applications for swards grazed by suckler calf to beef production systems (steers finished at24 monthsof age and heifers finished at 20 months of age)at various stocking rates,,,,,,,,,,,,,,,,,,,,,,,,,,,,
34,12 Grassland Nitrogen,70,,Table12-3:Suggestedtiming of available N applications for swards grazed by suckler calf to beef production systems (steers finished at24 monthsof age and heifers finished at 20 months of age)at various stocking rates,2,,,--------------------- N rates1(kg/ha) for approximate application dates -------------------,,,,,,,,,,,,,,,,,,,,,,,,,,
34,12 Grassland Nitrogen,70,,Table12-3:Suggestedtiming of available N applications for swards grazed by suckler calf to beef production systems (steers finished at24 monthsof age and heifers finished at 20 months of age)at various stocking rates,3,Stocking rate LU/ha2kg/ha N3,Stocking rate,,"Jan4,5 / Feb",,March,,April,,May,,June,,July,,Aug,,"Sept4,5",,Total N,,,,,,,,,
34,12 Grassland Nitrogen,70,,Table12-3:Suggestedtiming of available N applications for swards grazed by suckler calf to beef production systems (steers finished at24 monthsof age and heifers finished at 20 months of age)at various stocking rates,4,,,,,,,,,,,,,,,,,,,,"Rate1,6",,,,,,,,,
34,12 Grassland Nitrogen,70,,Table12-3:Suggestedtiming of available N applications for swards grazed by suckler calf to beef production systems (steers finished at24 monthsof age and heifers finished at 20 months of age)at various stocking rates,5,,LU/ha2kg/ha N,,,,,,,,,,,,,,,,,,,,,,,,,,,
34,12 Grassland Nitrogen,70,,Table12-3:Suggestedtiming of available N applications for swards grazed by suckler calf to beef production systems (steers finished at24 monthsof age and heifers finished at 20 months of age)at various stocking rates,6,,,,,,,,,,,,,,,,,,,,(kg/ha),,,,,,,,,
34,12 Grassland Nitrogen,70,,Table12-3:Suggestedtiming of available N applications for swards grazed by suckler calf to beef production systems (steers finished at24 monthsof age and heifers finished at 20 months of age)at various stocking rates,7,,≤1.0,≤80,,,,23,,,,,,,,,,12,,,35,,,,,,,,,
34,12 Grassland Nitrogen,70,,Table12-3:Suggestedtiming of available N applications for swards grazed by suckler calf to beef production systems (steers finished at24 monthsof age and heifers finished at 20 months of age)at various stocking rates,8,,1.25,99,,,,23,,15,,,,,,,,15,,,53,,,,,,,,,
34,12 Grassland Nitrogen,70,,Table12-3:Suggestedtiming of available N applications for swards grazed by suckler calf to beef production systems (steers finished at24 monthsof age and heifers finished at 20 months of age)at various stocking rates,9,,1.5,118,,,,25,,23,,,,10,,,,17,,,75,,,,,,,,,
34,12 Grassland Nitrogen,70,,Table12-3:Suggestedtiming of available N applications for swards grazed by suckler calf to beef production systems (steers finished at24 monthsof age and heifers finished at 20 months of age)at various stocking rates,10,,1.75,138,,,,34,,25,,10,,15,,,,19,,,103,,,,,,,,,
34,12 Grassland Nitrogen,70,,Table12-3:Suggestedtiming of available N applications for swards grazed by suckler calf to beef production systems (steers finished at24 monthsof age and heifers finished at 20 months of age)at various stocking rates,11,,2.0,158,,,,42,,30,,20,,20,,,,20,,,132,,,,,,,,,
34,12 Grassland Nitrogen,70,,Table12-3:Suggestedtiming of available N applications for swards grazed by suckler calf to beef production systems (steers finished at24 monthsof age and heifers finished at 20 months of age)at various stocking rates,12,,2.25,176,,13,,45,,32,,20,,26,,,,26,,,162,,,,,,,,,
34,12 Grassland Nitrogen,70,,Table12-3:Suggestedtiming of available N applications for swards grazed by suckler calf to beef production systems (steers finished at24 monthsof age and heifers finished at 20 months of age)at various stocking rates,13,,2.5,196,,15,,49,,36,,25,,22,,24,,,,22,193,,,,,,,,,
34,12 Grassland Nitrogen,70,,Table12-3:Suggestedtiming of available N applications for swards grazed by suckler calf to beef production systems (steers finished at24 monthsof age and heifers finished at 20 months of age)at various stocking rates,14,,2.75,215,,15,,53,,42,,25,,26,,28,,,,26,215,,,,,,,,,
34,12 Grassland Nitrogen,70,,Table12-3:Suggestedtiming of available N applications for swards grazed by suckler calf to beef production systems (steers finished at24 monthsof age and heifers finished at 20 months of age)at various stocking rates,15,,3.0,235,,20,,57,,46,,30,,28,,32,,,,28,241,,,,,,,,,
34,12 Grassland Nitrogen,70,,Table12-3:Suggestedtiming of available N applications for swards grazed by suckler calf to beef production systems (steers finished at24 monthsof age and heifers finished at 20 months of age)at various stocking rates,16,,1. Rates shown above refer to recommended application of available fertilizer. Chemical fertilizer,,,,,,,,,,,,,,,,,,,,,,,,,,,
34,12 Grassland Nitrogen,70,,Table12-3:Suggestedtiming of available N applications for swards grazed by suckler calf to beef production systems (steers finished at24 monthsof age and heifers finished at 20 months of age)at various stocking rates,17,,rates should be calculated by deducting the available N contained in organic fertilizer,,,,,,,,,,,,,,,,,,,,,,,,,,,
34,12 Grassland Nitrogen,70,,Table12-3:Suggestedtiming of available N applications for swards grazed by suckler calf to beef production systems (steers finished at24 monthsof age and heifers finished at 20 months of age)at various stocking rates,18,,applications from the rates shown in the table above.,,,,,,,,,,,,,,,,,,,,,,,,,,,
34,12 Grassland Nitrogen,70,,Table12-3:Suggestedtiming of available N applications for swards grazed by suckler calf to beef production systems (steers finished at24 monthsof age and heifers finished at 20 months of age)at various stocking rates,19,,2. Livestock unit (LU) per ha: suckler cow = 0.9 LU; calf (0-12 months of age = 0.3 LU; yearling (13-,,,,,,,,,,,,,,,,,,,,,,,,,,,
34,12 Grassland Nitrogen,70,,Table12-3:Suggestedtiming of available N applications for swards grazed by suckler calf to beef production systems (steers finished at24 monthsof age and heifers finished at 20 months of age)at various stocking rates,20,,24 months of age) = 0.7 LU; adult cattle (>24 months of age) = 1.0 LU..,,,,,,,,,,,,,,,,,,,,,,,,,,,
34,12 Grassland Nitrogen,70,,Table12-3:Suggestedtiming of available N applications for swards grazed by suckler calf to beef production systems (steers finished at24 monthsof age and heifers finished at 20 months of age)at various stocking rates,21,,3. Total annual nitrogen (kg) excreted by grazing livestock averaged over the net grassland area,,,,,,,,,,,,,,,,,,,,,,,,,,,
34,12 Grassland Nitrogen,70,,Table12-3:Suggestedtiming of available N applications for swards grazed by suckler calf to beef production systems (steers finished at24 monthsof age and heifers finished at 20 months of age)at various stocking rates,22,,(grazing and silage area). Stocking rate refers to grassland area only.,,,,,,,,,,,,,,,,,,,,,,,,,,,
34,12 Grassland Nitrogen,70,,Table12-3:Suggestedtiming of available N applications for swards grazed by suckler calf to beef production systems (steers finished at24 monthsof age and heifers finished at 20 months of age)at various stocking rates,23,,"4. Rates shown above refer to grazed swards only, and are not suitable as a guideline value of the",,,,,,,,,,,,,,,,,,,,,,,,,,,
34,12 Grassland Nitrogen,70,,Table12-3:Suggestedtiming of available N applications for swards grazed by suckler calf to beef production systems (steers finished at24 monthsof age and heifers finished at 20 months of age)at various stocking rates,24,,N requirement for the entire grassland area. The N requirement for the entire grassland area will,,,,,,,,,,,,,,,,,,,,,,,,,,,
34,12 Grassland Nitrogen,70,,Table12-3:Suggestedtiming of available N applications for swards grazed by suckler calf to beef production systems (steers finished at24 monthsof age and heifers finished at 20 months of age)at various stocking rates,25,,"depend on the proportions of the area that are grazed, or cut as silage or hay.",,,,,,,,,,,,,,,,,,,,,,,,,,,
34,12 Grassland Nitrogen,70,,Table12-3:Suggestedtiming of available N applications for swards grazed by suckler calf to beef production systems (steers finished at24 monthsof age and heifers finished at 20 months of age)at various stocking rates,26,,5. Chemical or organic fertilizers cannot be applied during periods when application is prohibited by,,,,,,,,,,,,,,,,,,,,,,,,,,,
34,12 Grassland Nitrogen,70,,Table12-3:Suggestedtiming of available N applications for swards grazed by suckler calf to beef production systems (steers finished at24 monthsof age and heifers finished at 20 months of age)at various stocking rates,27,,NAP regulations.,,,,,,,,,,,,,,,,,,,,,,,,,,,
34,12 Grassland Nitrogen,70,,Table12-3:Suggestedtiming of available N applications for swards grazed by suckler calf to beef production systems (steers finished at24 monthsof age and heifers finished at 20 months of age)at various stocking rates,28,,6. Total N use on the farm must complywith NAP regulations.,,,,,,,,,,,,,,,,,,,,,,,,,,,
35,12 Grassland Nitrogen,71,,Table12-4:Suggestedtiming of available N applications for swards grazedby calf to beef production systems (finishing steers at24 monthsor age)at various stocking rates,1,Table12-4:Suggestedtiming of available N applications for swards grazedby calf to beef production systems (finishing steers at24 monthsor age)at various stocking rates,,,,,,,,,,,,,,,,,,,,,,,,,,,,
35,12 Grassland Nitrogen,71,,Table12-4:Suggestedtiming of available N applications for swards grazedby calf to beef production systems (finishing steers at24 monthsor age)at various stocking rates,2,,,------------------------- N rates1(kg/ha) for approximate application dates-------------------------,,,,,,,,,,,,,,,,,,,,,,,,,,
35,12 Grassland Nitrogen,71,,Table12-4:Suggestedtiming of available N applications for swards grazedby calf to beef production systems (finishing steers at24 monthsor age)at various stocking rates,3,Stocking rate LU/ha2kg/ha N3,Stocking rate,,"Jan4,5 / Feb",,March,,April,,May,,June,,July,,Aug,,"Sept4,5",,Total N,,,,,,,,,
35,12 Grassland Nitrogen,71,,Table12-4:Suggestedtiming of available N applications for swards grazedby calf to beef production systems (finishing steers at24 monthsor age)at various stocking rates,4,,,,,,,,,,,,,,,,,,,,"Rate1,6",,,,,,,,,
35,12 Grassland Nitrogen,71,,Table12-4:Suggestedtiming of available N applications for swards grazedby calf to beef production systems (finishing steers at24 monthsor age)at various stocking rates,5,,LU/ha2kg/ha N,,,,,,,,,,,,,,,,,,,,,,,,,,,
35,12 Grassland Nitrogen,71,,Table12-4:Suggestedtiming of available N applications for swards grazedby calf to beef production systems (finishing steers at24 monthsor age)at various stocking rates,6,,,,,,,,,,,,,,,,,,,,(kg/ha),,,,,,,,,
35,12 Grassland Nitrogen,71,,Table12-4:Suggestedtiming of available N applications for swards grazedby calf to beef production systems (finishing steers at24 monthsor age)at various stocking rates,7,,≤1.0,≤80,,,,,,12,,,,,,,,12,,,24,,,,,,,,,
35,12 Grassland Nitrogen,71,,Table12-4:Suggestedtiming of available N applications for swards grazedby calf to beef production systems (finishing steers at24 monthsor age)at various stocking rates,8,,1.25,99,,,,15,,15,,,,,,,,15,,,45,,,,,,,,,
35,12 Grassland Nitrogen,71,,Table12-4:Suggestedtiming of available N applications for swards grazedby calf to beef production systems (finishing steers at24 monthsor age)at various stocking rates,9,,1.5,118,,,,15,,20,,,,15,,,,17,,,67,,,,,,,,,
35,12 Grassland Nitrogen,71,,Table12-4:Suggestedtiming of available N applications for swards grazedby calf to beef production systems (finishing steers at24 monthsor age)at various stocking rates,10,,1.75,138,,,,17,,23,,15,,15,,,,20,,,90,,,,,,,,,
35,12 Grassland Nitrogen,71,,Table12-4:Suggestedtiming of available N applications for swards grazedby calf to beef production systems (finishing steers at24 monthsor age)at various stocking rates,11,,2.0,158,,,,20,,25,,20,,23,,,,23,,,111,,,,,,,,,
35,12 Grassland Nitrogen,71,,Table12-4:Suggestedtiming of available N applications for swards grazedby calf to beef production systems (finishing steers at24 monthsor age)at various stocking rates,12,,2.25,176,,13,,20,,25,,22,,28,,,,26,,,134,,,,,,,,,
35,12 Grassland Nitrogen,71,,Table12-4:Suggestedtiming of available N applications for swards grazedby calf to beef production systems (finishing steers at24 monthsor age)at various stocking rates,13,,2.5,196,,15,,25,,30,,25,,15,,26,,,,20,156,,,,,,,,,
35,12 Grassland Nitrogen,71,,Table12-4:Suggestedtiming of available N applications for swards grazedby calf to beef production systems (finishing steers at24 monthsor age)at various stocking rates,14,,2.75,215,,15,,30,,30,,28,,22,,30,,,,23,178,,,,,,,,,
35,12 Grassland Nitrogen,71,,Table12-4:Suggestedtiming of available N applications for swards grazedby calf to beef production systems (finishing steers at24 monthsor age)at various stocking rates,15,,3.0,235,,20,,35,,35,,30,,25,,30,,,,25,200,,,,,,,,,
35,12 Grassland Nitrogen,71,,Table12-4:Suggestedtiming of available N applications for swards grazedby calf to beef production systems (finishing steers at24 monthsor age)at various stocking rates,16,,1. Rates shown above refer to recommended application of available fertilizer. Chemical fertilizer,,,,,,,,,,,,,,,,,,,,,,,,,,,
35,12 Grassland Nitrogen,71,,Table12-4:Suggestedtiming of available N applications for swards grazedby calf to beef production systems (finishing steers at24 monthsor age)at various stocking rates,17,,rates should be calculated by deducting the available N contained in organic fertilizer,,,,,,,,,,,,,,,,,,,,,,,,,,,
35,12 Grassland Nitrogen,71,,Table12-4:Suggestedtiming of available N applications for swards grazedby calf to beef production systems (finishing steers at24 monthsor age)at various stocking rates,18,,applications from the rates shown in the table above.,,,,,,,,,,,,,,,,,,,,,,,,,,,
35,12 Grassland Nitrogen,71,,Table12-4:Suggestedtiming of available N applications for swards grazedby calf to beef production systems (finishing steers at24 monthsor age)at various stocking rates,19,,2. Livestock unit (LU) per ha: calf (0-12 months of age = 0.3 LU; yearling (13-24 months of age) =,,,,,,,,,,,,,,,,,,,,,,,,,,,
35,12 Grassland Nitrogen,71,,Table12-4:Suggestedtiming of available N applications for swards grazedby calf to beef production systems (finishing steers at24 monthsor age)at various stocking rates,20,,0.7 LU.,,,,,,,,,,,,,,,,,,,,,,,,,,,
35,12 Grassland Nitrogen,71,,Table12-4:Suggestedtiming of available N applications for swards grazedby calf to beef production systems (finishing steers at24 monthsor age)at various stocking rates,21,,3. Total annual nitrogen (kg) excreted by grazing livestock averaged over the net grassland area,,,,,,,,,,,,,,,,,,,,,,,,,,,
35,12 Grassland Nitrogen,71,,Table12-4:Suggestedtiming of available N applications for swards grazedby calf to beef production systems (finishing steers at24 monthsor age)at various stocking rates,22,,(grazing and silage area). Stocking rate refers to grassland area only.,,,,,,,,,,,,,,,,,,,,,,,,,,,
35,12 Grassland Nitrogen,71,,Table12-4:Suggestedtiming of available N applications for swards grazedby calf to beef production systems (finishing steers at24 monthsor age)at various stocking rates,23,,"4. Rates shown above refer to grazed swards only, and are not suitable as a guideline value of the",,,,,,,,,,,,,,,,,,,,,,,,,,,
35,12 Grassland Nitrogen,71,,Table12-4:Suggestedtiming of available N applications for swards grazedby calf to beef production systems (finishing steers at24 monthsor age)at various stocking rates,24,,N requirement for the entire grassland area. The N requirement for the entire grassland area will,,,,,,,,,,,,,,,,,,,,,,,,,,,
35,12 Grassland Nitrogen,71,,Table12-4:Suggestedtiming of available N applications for swards grazedby calf to beef production systems (finishing steers at24 monthsor age)at various stocking rates,25,,"depend on the proportions of the area that are grazed, or cut as silage or hay.",,,,,,,,,,,,,,,,,,,,,,,,,,,
35,12 Grassland Nitrogen,71,,Table12-4:Suggestedtiming of available N applications for swards grazedby calf to beef production systems (finishing steers at24 monthsor age)at various stocking rates,26,,5. Chemical or organic fertilizers cannot be applied during periods when application is prohibited by,,,,,,,,,,,,,,,,,,,,,,,,,,,
35,12 Grassland Nitrogen,71,,Table12-4:Suggestedtiming of available N applications for swards grazedby calf to beef production systems (finishing steers at24 monthsor age)at various stocking rates,27,,NAP regulations.,,,,,,,,,,,,,,,,,,,,,,,,,,,
35,12 Grassland Nitrogen,71,,Table12-4:Suggestedtiming of available N applications for swards grazedby calf to beef production systems (finishing steers at24 monthsor age)at various stocking rates,28,,6. Total N use on the farm must comply with NAP regulations.,,,,,,,,,,,,,,,,,,,,,,,,,,,
36,12 Grassland Nitrogen,72,,Table12-5:Suggestedtiming of available N applications for swards grazedby sheep and lamb production systems (mid-March lambing)at various stocking rates with low to and normal clover content,1,Table12-5:Suggestedtiming of available N applications for swards grazedby sheep and lamb production systems (mid-March lambing)at various stocking rates with low to and normal clover content,,,,,,,,,,,,,,,,,,,,,,,,,,,,
36,12 Grassland Nitrogen,72,,Table12-5:Suggestedtiming of available N applications for swards grazedby sheep and lamb production systems (mid-March lambing)at various stocking rates with low to and normal clover content,2,,,----------------------- N rates1(kg/ha) for approximate application dates ------------------------,,,,,,,,,,,,,,,,,,,,,,,,,,
36,12 Grassland Nitrogen,72,,Table12-5:Suggestedtiming of available N applications for swards grazedby sheep and lamb production systems (mid-March lambing)at various stocking rates with low to and normal clover content,3,,Stocking rate,,3,"Jan4,5 / Feb",,March,,April,,May,,June,,July,Aug,,"Sept4,5",Total N,,,,,,,,,,
36,12 Grassland Nitrogen,72,,Table12-5:Suggestedtiming of available N applications for swards grazedby sheep and lamb production systems (mid-March lambing)at various stocking rates with low to and normal clover content,4,,Ewes,,,,,,,,,,,,,,,,,"Rate1,6",,,,,,,,,,
36,12 Grassland Nitrogen,72,,Table12-5:Suggestedtiming of available N applications for swards grazedby sheep and lamb production systems (mid-March lambing)at various stocking rates with low to and normal clover content,5,,/ha2 kg/ha N,,,,,,,,,,,,,,,,,(kg/ha),,,,,,,,,,
36,12 Grassland Nitrogen,72,,Table12-5:Suggestedtiming of available N applications for swards grazedby sheep and lamb production systems (mid-March lambing)at various stocking rates with low to and normal clover content,6,,6,≤80,,,,,13,,13,,,,,,,13,,39,,,,,,,,,,
36,12 Grassland Nitrogen,72,,Table12-5:Suggestedtiming of available N applications for swards grazedby sheep and lamb production systems (mid-March lambing)at various stocking rates with low to and normal clover content,7,,8,99,,,,,23,,19,,,,,,,18,,60,,,,,,,,,,
36,12 Grassland Nitrogen,72,,Table12-5:Suggestedtiming of available N applications for swards grazedby sheep and lamb production systems (mid-March lambing)at various stocking rates with low to and normal clover content,8,,10,118,,,,,25,,20,,15,,,,,21,,81,,,,,,,,,,
36,12 Grassland Nitrogen,72,,Table12-5:Suggestedtiming of available N applications for swards grazedby sheep and lamb production systems (mid-March lambing)at various stocking rates with low to and normal clover content,9,,12,138,,,13,,28,,23,,15,,,,,23,,102,,,,,,,,,,
36,12 Grassland Nitrogen,72,,Table12-5:Suggestedtiming of available N applications for swards grazedby sheep and lamb production systems (mid-March lambing)at various stocking rates with low to and normal clover content,10,,14,158,,,13,,33,,23,,13,,15,,,26,,123,,,,,,,,,,
36,12 Grassland Nitrogen,72,,Table12-5:Suggestedtiming of available N applications for swards grazedby sheep and lamb production systems (mid-March lambing)at various stocking rates with low to and normal clover content,11,,16,176,,,13,,41,,25,,13,,22,,,30,,144,,,,,,,,,,
36,12 Grassland Nitrogen,72,,Table12-5:Suggestedtiming of available N applications for swards grazedby sheep and lamb production systems (mid-March lambing)at various stocking rates with low to and normal clover content,12,,1. Rates shown above refer to recommended application of available fertilizer. Chemical fertilizer,,,,,,,,,,,,,,,,,,,,,,,,,,,
36,12 Grassland Nitrogen,72,,Table12-5:Suggestedtiming of available N applications for swards grazedby sheep and lamb production systems (mid-March lambing)at various stocking rates with low to and normal clover content,13,,rates should be calculated by deducting the available N contained in organic fertilizer,,,,,,,,,,,,,,,,,,,,,,,,,,,
36,12 Grassland Nitrogen,72,,Table12-5:Suggestedtiming of available N applications for swards grazedby sheep and lamb production systems (mid-March lambing)at various stocking rates with low to and normal clover content,14,,applications from the rates shown in the table above.,,,,,,,,,,,,,,,,,,,,,,,,,,,
36,12 Grassland Nitrogen,72,,Table12-5:Suggestedtiming of available N applications for swards grazedby sheep and lamb production systems (mid-March lambing)at various stocking rates with low to and normal clover content,15,,2. Livestock unit (LU) per ha refers to a ewe plus lambs to weaning.,,,,,,,,,,,,,,,,,,,,,,,,,,,
36,12 Grassland Nitrogen,72,,Table12-5:Suggestedtiming of available N applications for swards grazedby sheep and lamb production systems (mid-March lambing)at various stocking rates with low to and normal clover content,16,,3. Total annual nitrogen (kg) excreted by grazing livestock averaged over the net grassland area,,,,,,,,,,,,,,,,,,,,,,,,,,,
36,12 Grassland Nitrogen,72,,Table12-5:Suggestedtiming of available N applications for swards grazedby sheep and lamb production systems (mid-March lambing)at various stocking rates with low to and normal clover content,17,,(grazing and silage area). Stocking rate refers to grassland area only.,,,,,,,,,,,,,,,,,,,,,,,,,,,
36,12 Grassland Nitrogen,72,,Table12-5:Suggestedtiming of available N applications for swards grazedby sheep and lamb production systems (mid-March lambing)at various stocking rates with low to and normal clover content,18,,"4. Rates shown above refer to grazed swards only, and are not suitable as a guideline value of the",,,,,,,,,,,,,,,,,,,,,,,,,,,
36,12 Grassland Nitrogen,72,,Table12-5:Suggestedtiming of available N applications for swards grazedby sheep and lamb production systems (mid-March lambing)at various stocking rates with low to and normal clover content,19,,N requirement for the entire grassland area. The N requirement for the entire grassland area will,,,,,,,,,,,,,,,,,,,,,,,,,,,
36,12 Grassland Nitrogen,72,,Table12-5:Suggestedtiming of available N applications for swards grazedby sheep and lamb production systems (mid-March lambing)at various stocking rates with low to and normal clover content,20,,"depend on the proportions of the area that are grazed, or cut as silage or hay.",,,,,,,,,,,,,,,,,,,,,,,,,,,
36,12 Grassland Nitrogen,72,,Table12-5:Suggestedtiming of available N applications for swards grazedby sheep and lamb production systems (mid-March lambing)at various stocking rates with low to and normal clover content,21,,5. Chemical or organic fertilizers cannot be applied during periods when application is prohibited by,,,,,,,,,,,,,,,,,,,,,,,,,,,
36,12 Grassland Nitrogen,72,,Table12-5:Suggestedtiming of available N applications for swards grazedby sheep and lamb production systems (mid-March lambing)at various stocking rates with low to and normal clover content,22,,NAP regulations.,,,,,,,,,,,,,,,,,,,,,,,,,,,
36,12 Grassland Nitrogen,72,,Table12-5:Suggestedtiming of available N applications for swards grazedby sheep and lamb production systems (mid-March lambing)at various stocking rates with low to and normal clover content,23,,6. Total N use on the farm must comply with NAP regulations.,,,,,,,,,,,,,,,,,,,,,,,,,,,
37,12 Grassland Nitrogen,74,,Table12-6:Suggestedtiming of available N applications forproductivegrass-cloverswards used forgrazingat various stocking rates,1,Table12-6:Suggestedtiming of available N applications forproductivegrass-cloverswards used forgrazingat various stocking rates,,,,,,,,,,,,,,,,,,,,,,,,,,,,
37,12 Grassland Nitrogen,74,,Table12-6:Suggestedtiming of available N applications forproductivegrass-cloverswards used forgrazingat various stocking rates,2,,,------------------------ N rates1(kg/ha) for approximate application dates ----------------------,,,,,,,,,,,,,,,,,,,,,,,,,,
37,12 Grassland Nitrogen,74,,Table12-6:Suggestedtiming of available N applications forproductivegrass-cloverswards used forgrazingat various stocking rates,3,Stocking rate LU/ha2kg/ha N3,Stocking rate,,,"Jan4, 5 / Feb",,March,,April,,May,,June,July,Aug,,"Sept4, 5",Total N,,,,,,,,,,,
37,12 Grassland Nitrogen,74,,Table12-6:Suggestedtiming of available N applications forproductivegrass-cloverswards used forgrazingat various stocking rates,4,,,,,,,,,,,,,,,,,,"Rate1,6",,,,,,,,,,,
37,12 Grassland Nitrogen,74,,Table12-6:Suggestedtiming of available N applications forproductivegrass-cloverswards used forgrazingat various stocking rates,5,,LU/ha2kg/ha N,,,,,,,,,,,,,,,,,,,,,,,,,,,
37,12 Grassland Nitrogen,74,,Table12-6:Suggestedtiming of available N applications forproductivegrass-cloverswards used forgrazingat various stocking rates,6,,,,,,,,,,,,,,,,,,(kg/ha),,,,,,,,,,,
37,12 Grassland Nitrogen,74,,Table12-6:Suggestedtiming of available N applications forproductivegrass-cloverswards used forgrazingat various stocking rates,7,,<1.75,,<149,,,,,,,,,,,,,,0,,,,,,,,,,,
37,12 Grassland Nitrogen,74,,Table12-6:Suggestedtiming of available N applications forproductivegrass-cloverswards used forgrazingat various stocking rates,8,,1.75,149,,,†28,,28,,,,,,,,,,56,,,,,,,,,,,
37,12 Grassland Nitrogen,74,,Table12-6:Suggestedtiming of available N applications forproductivegrass-cloverswards used forgrazingat various stocking rates,9,,2.0,170,,,†28,,28,,28,,,,,,,,84,,,,,,,,,,,
37,12 Grassland Nitrogen,74,,Table12-6:Suggestedtiming of available N applications forproductivegrass-cloverswards used forgrazingat various stocking rates,10,,2.25,191,,,†28,,33,,33,,14,,,,*28,,136,,,,,,,,,,,
37,12 Grassland Nitrogen,74,,Table12-6:Suggestedtiming of available N applications forproductivegrass-cloverswards used forgrazingat various stocking rates,11,,>2.5,≥210,,,†28,,33,,33,,28,,,,*28,,150,,,,,,,,,,,
37,12 Grassland Nitrogen,74,,Table12-6:Suggestedtiming of available N applications forproductivegrass-cloverswards used forgrazingat various stocking rates,12,,1. Rates shown above refer to recommended application of available fertilizer. Chemical fertilizer,,,,,,,,,,,,,,,,,,,,,,,,,,,
37,12 Grassland Nitrogen,74,,Table12-6:Suggestedtiming of available N applications forproductivegrass-cloverswards used forgrazingat various stocking rates,13,,rates should be calculated by deducting the available N contained in organic fertilizer,,,,,,,,,,,,,,,,,,,,,,,,,,,
37,12 Grassland Nitrogen,74,,Table12-6:Suggestedtiming of available N applications forproductivegrass-cloverswards used forgrazingat various stocking rates,14,,applications from the rates shown in the table above.,,,,,,,,,,,,,,,,,,,,,,,,,,,
37,12 Grassland Nitrogen,74,,Table12-6:Suggestedtiming of available N applications forproductivegrass-cloverswards used forgrazingat various stocking rates,15,,Grass-white clover swards must contain an annual average sward clover content of at least 20% to,,,,,,,,,,,,,,,,,,,,,,,,,,,
37,12 Grassland Nitrogen,74,,Table12-6:Suggestedtiming of available N applications forproductivegrass-cloverswards used forgrazingat various stocking rates,16,,be considered productive. This level of white clover is necessary to ensure N fixation to replace,,,,,,,,,,,,,,,,,,,,,,,,,,,
37,12 Grassland Nitrogen,74,,Table12-6:Suggestedtiming of available N applications forproductivegrass-cloverswards used forgrazingat various stocking rates,17,,chemical N fertiliser.Swards should bereseeded orover sownwith white clover seed when,,,,,,,,,,,,,,,,,,,,,,,,,,,
37,12 Grassland Nitrogen,74,,Table12-6:Suggestedtiming of available N applications forproductivegrass-cloverswards used forgrazingat various stocking rates,18,,average sward clover content drops below 20%.,,,,,,,,,,,,,,,,,,,,,,,,,,,
37,12 Grassland Nitrogen,74,,Table12-6:Suggestedtiming of available N applications forproductivegrass-cloverswards used forgrazingat various stocking rates,19,,2.Livestock unit (LU) per ha refers to a mature dairy cow.,,,,,,,,,,,,,,,,,,,,,,,,,,,
37,12 Grassland Nitrogen,74,,Table12-6:Suggestedtiming of available N applications forproductivegrass-cloverswards used forgrazingat various stocking rates,20,,3. Total annual organic nitrogen (kg) excreted by grazing livestock averaged over the net grassland,,,,,,,,,,,,,,,,,,,,,,,,,,,
37,12 Grassland Nitrogen,74,,Table12-6:Suggestedtiming of available N applications forproductivegrass-cloverswards used forgrazingat various stocking rates,21,,area (grazing and silage area). Stocking rate refers to grassland area only.,,,,,,,,,,,,,,,,,,,,,,,,,,,
37,12 Grassland Nitrogen,74,,Table12-6:Suggestedtiming of available N applications forproductivegrass-cloverswards used forgrazingat various stocking rates,22,,"4. Rates shown above refer to grazed swards only, and are not suitable as a guideline value of the",,,,,,,,,,,,,,,,,,,,,,,,,,,
37,12 Grassland Nitrogen,74,,Table12-6:Suggestedtiming of available N applications forproductivegrass-cloverswards used forgrazingat various stocking rates,23,,N requirement for the entire grassland area. The N requirement for the entire grassland area will,,,,,,,,,,,,,,,,,,,,,,,,,,,
37,12 Grassland Nitrogen,74,,Table12-6:Suggestedtiming of available N applications forproductivegrass-cloverswards used forgrazingat various stocking rates,24,,"depend on the proportions of the area that are grazed, or cut as silage or hay.",,,,,,,,,,,,,,,,,,,,,,,,,,,
37,12 Grassland Nitrogen,74,,Table12-6:Suggestedtiming of available N applications forproductivegrass-cloverswards used forgrazingat various stocking rates,25,,5. Chemical or organic fertilizers cannot be applied during periods when application is prohibited by,,,,,,,,,,,,,,,,,,,,,,,,,,,
37,12 Grassland Nitrogen,74,,Table12-6:Suggestedtiming of available N applications forproductivegrass-cloverswards used forgrazingat various stocking rates,26,,NAP regulations.,,,,,,,,,,,,,,,,,,,,,,,,,,,
37,12 Grassland Nitrogen,74,,Table12-6:Suggestedtiming of available N applications forproductivegrass-cloverswards used forgrazingat various stocking rates,27,,"6. At stocking rates above 210 kg/ha organic N, fertiliser N advice is constrained by the NAP",,,,,,,,,,,,,,,,,,,,,,,,,,,
37,12 Grassland Nitrogen,74,,Table12-6:Suggestedtiming of available N applications forproductivegrass-cloverswards used forgrazingat various stocking rates,28,,regulations.,,,,,,,,,,,,,,,,,,,,,,,,,,,
37,12 Grassland Nitrogen,74,,Table12-6:Suggestedtiming of available N applications forproductivegrass-cloverswards used forgrazingat various stocking rates,29,,7. Total N use on the farm must comply with NAP regulations.,,,,,,,,,,,,,,,,,,,,,,,,,,,
37,12 Grassland Nitrogen,74,,Table12-6:Suggestedtiming of available N applications forproductivegrass-cloverswards used forgrazingat various stocking rates,30,,†Applicationof chemical N fertilisermay beunnecessary in paddocks that received slurry in mid-,,,,,,,,,,,,,,,,,,,,,,,,,,,
37,12 Grassland Nitrogen,74,,Table12-6:Suggestedtiming of available N applications forproductivegrass-cloverswards used forgrazingat various stocking rates,31,,January/early February,,,,,,,,,,,,,,,,,,,,,,,,,,,
37,12 Grassland Nitrogen,74,,Table12-6:Suggestedtiming of available N applications forproductivegrass-cloverswards used forgrazingat various stocking rates,32,,*Application might not be necessary in paddocks with above average clover contents and warmer,,,,,,,,,,,,,,,,,,,,,,,,,,,
37,12 Grassland Nitrogen,74,,Table12-6:Suggestedtiming of available N applications forproductivegrass-cloverswards used forgrazingat various stocking rates,33,,weather conditions favourable for clover growth and biological N fixation.,,,,,,,,,,,,,,,,,,,,,,,,,,,
38,12 Grassland Nitrogen,76,,Table12-7: Available Nrates for cut swards.,1,Table12-7: Available Nrates for cut swards.,,,,,,,,,,,,,,,,,,,,,,,,,,,,
38,12 Grassland Nitrogen,76,,Table12-7: Available Nrates for cut swards.,2,,Crop,N application rate (kg/ha)1,,,,,,,,,,,,,,,,,,,,,,,,,,
38,12 Grassland Nitrogen,76,,Table12-7: Available Nrates for cut swards.,3,,Silage:firstcut,"1252,3,4",,,,,,,,,,,,,,,,,,,,,,,,,,
38,12 Grassland Nitrogen,76,,Table12-7: Available Nrates for cut swards.,4,,Silage:second or subsequent cut5,"1002,3,4",,,,,,,,,,,,,,,,,,,,,,,,,,
38,12 Grassland Nitrogen,76,,Table12-7: Available Nrates for cut swards.,5,,Hay6,65-80,,,,,,,,,,,,,,,,,,,,,,,,,,
38,12 Grassland Nitrogen,76,,Table12-7: Available Nrates for cut swards.,6,,1. Rates shown above refer to application of available N. Chemical fertilizer rates should,,,,,,,,,,,,,,,,,,,,,,,,,,,
38,12 Grassland Nitrogen,76,,Table12-7: Available Nrates for cut swards.,7,,be calculated by deducting the available N contained in organic fertilizer applications,,,,,,,,,,,,,,,,,,,,,,,,,,,
38,12 Grassland Nitrogen,76,,Table12-7: Available Nrates for cut swards.,8,,from the rates shown in the table above.,,,,,,,,,,,,,,,,,,,,,,,,,,,
38,12 Grassland Nitrogen,76,,Table12-7: Available Nrates for cut swards.,9,,"2. If N is applied for early grazing, assume that 20% of this remains available for first cut",,,,,,,,,,,,,,,,,,,,,,,,,,,
38,12 Grassland Nitrogen,76,,Table12-7: Available Nrates for cut swards.,10,,silage.,,,,,,,,,,,,,,,,,,,,,,,,,,,
38,12 Grassland Nitrogen,76,,Table12-7: Available Nrates for cut swards.,11,,3. An extra 25 kg/ha may be used where necessary for establishment of a good ryegrass,,,,,,,,,,,,,,,,,,,,,,,,,,,
38,12 Grassland Nitrogen,76,,Table12-7: Available Nrates for cut swards.,12,,"sward if pasture is less than 4 years old, provided that the maximum N allowance",,,,,,,,,,,,,,,,,,,,,,,,,,,
38,12 Grassland Nitrogen,76,,Table12-7: Available Nrates for cut swards.,13,,prescribed inthe NAP regulationsis complied with.,,,,,,,,,,,,,,,,,,,,,,,,,,,
38,12 Grassland Nitrogen,76,,Table12-7: Available Nrates for cut swards.,14,,"4. Where silage fields were grazed rather than cut in the previous year, apply 100 kg/ha for",,,,,,,,,,,,,,,,,,,,,,,,,,,
38,12 Grassland Nitrogen,76,,Table12-7: Available Nrates for cut swards.,15,,"first cut, and 85 kg/ha for second and subsequent cuts.",,,,,,,,,,,,,,,,,,,,,,,,,,,
38,12 Grassland Nitrogen,76,,Table12-7: Available Nrates for cut swards.,16,,5. Where multiple cuts are taken the total N use on the farm must comply with NAP,,,,,,,,,,,,,,,,,,,,,,,,,,,
38,12 Grassland Nitrogen,76,,Table12-7: Available Nrates for cut swards.,17,,regulations.,,,,,,,,,,,,,,,,,,,,,,,,,,,
38,12 Grassland Nitrogen,76,,Table12-7: Available Nrates for cut swards.,18,,6. Less N is advised when there is a high risk of crop loss due to high rainfall.,,,,,,,,,,,,,,,,,,,,,,,,,,,
39,13 Grassland Phosphorus,77,,Table12-8:Nitrogen for pasture establishment without a cover crop1(kg/ha),1,Table12-8:Nitrogen for pasture establishment without a cover crop1(kg/ha),,,,,,,,,,,,,,,,,,,,,,,,,,,,
39,13 Grassland Phosphorus,77,,Table12-8:Nitrogen for pasture establishment without a cover crop1(kg/ha),2,,Tillage soil N Index2,Grass only3,Grass / legume3,,,,,,,,,,,,,,,,,,,,,,,,,
39,13 Grassland Phosphorus,77,,Table12-8:Nitrogen for pasture establishment without a cover crop1(kg/ha),3,,1,75,60,,,,,,,,,,,,,,,,,,,,,,,,,
39,13 Grassland Phosphorus,77,,Table12-8:Nitrogen for pasture establishment without a cover crop1(kg/ha),4,,2,65,50,,,,,,,,,,,,,,,,,,,,,,,,,
39,13 Grassland Phosphorus,77,,Table12-8:Nitrogen for pasture establishment without a cover crop1(kg/ha),5,,3,55,40,,,,,,,,,,,,,,,,,,,,,,,,,
39,13 Grassland Phosphorus,77,,Table12-8:Nitrogen for pasture establishment without a cover crop1(kg/ha),6,,4,55,40,,,,,,,,,,,,,,,,,,,,,,,,,
39,13 Grassland Phosphorus,77,,Table12-8:Nitrogen for pasture establishment without a cover crop1(kg/ha),7,,"1. For undersown crops, reduce the N rates for the cereal by 50 kg/ha to",,,,,,,,,,,,,,,,,,,,,,,,,,,
39,13 Grassland Phosphorus,77,,Table12-8:Nitrogen for pasture establishment without a cover crop1(kg/ha),8,,promote good pasture establishment. Immediately after harvesting the,,,,,,,,,,,,,,,,,,,,,,,,,,,
39,13 Grassland Phosphorus,77,,Table12-8:Nitrogen for pasture establishment without a cover crop1(kg/ha),9,,cereal apply 40 kg/ha of N.,,,,,,,,,,,,,,,,,,,,,,,,,,,
39,13 Grassland Phosphorus,77,,Table12-8:Nitrogen for pasture establishment without a cover crop1(kg/ha),10,,2. SeeTables6-2 and6-3for NIndexsystem.,,,,,,,,,,,,,,,,,,,,,,,,,,,
39,13 Grassland Phosphorus,77,,Table12-8:Nitrogen for pasture establishment without a cover crop1(kg/ha),11,,"3. Establish the crop before the end of August, especially for grass/clover. Apply half the N",,,,,,,,,,,,,,,,,,,,,,,,,,,
39,13 Grassland Phosphorus,77,,Table12-8:Nitrogen for pasture establishment without a cover crop1(kg/ha),12,,at sowing and the remainder shortly after grass emergence if there are signs of N,,,,,,,,,,,,,,,,,,,,,,,,,,,
39,13 Grassland Phosphorus,77,,Table12-8:Nitrogen for pasture establishment without a cover crop1(kg/ha),13,,"deficiency in the sward. For all applications of chemical fertilizers or livestock manure,",,,,,,,,,,,,,,,,,,,,,,,,,,,
39,13 Grassland Phosphorus,77,,Table12-8:Nitrogen for pasture establishment without a cover crop1(kg/ha),14,,the periods during which application is prohibited under the NAP regulations must be,,,,,,,,,,,,,,,,,,,,,,,,,,,
39,13 Grassland Phosphorus,77,,Table12-8:Nitrogen for pasture establishment without a cover crop1(kg/ha),15,,observed.,,,,,,,,,,,,,,,,,,,,,,,,,,,
42,13 Grassland Phosphorus,81,,Table13-1:P Index for grassland,1,Table13-1:P Index for grassland,,,,,,,,,,,,,,,,,,,,,,,,,,,,
42,13 Grassland Phosphorus,81,,Table13-1:P Index for grassland,2,Soil P Index,,Soil P range (Morgan’s mg/l),,Comments,,,,,,,,,,,,,,,,,,,,,,,,
42,13 Grassland Phosphorus,81,,Table13-1:P Index for grassland,3,,,,,Index description,Response to fertilizer,,,,,,,,,,,,,,,,,,,,,,,
42,13 Grassland Phosphorus,81,,Table13-1:P Index for grassland,4,,1,,0.0-3.0,Very Low,Definite,,,,,,,,,,,,,,,,,,,,,,,
42,13 Grassland Phosphorus,81,,Table13-1:P Index for grassland,5,,2,,3.1-5.0,Low,Likely,,,,,,,,,,,,,,,,,,,,,,,
42,13 Grassland Phosphorus,81,,Table13-1:P Index for grassland,6,,3,,5.1-8.0,Medium /Adequate,Unlikely / Tenuous,,,,,,,,,,,,,,,,,,,,,,,
42,13 Grassland Phosphorus,81,,Table13-1:P Index for grassland,7,,4,,> 8.0,Sufficient /High,None,,,,,,,,,,,,,,,,,,,,,,,
43,13 Grassland Phosphorus,82,,Table13-2: Available P rates (kg/ha) for build-up on mineral soils,1,Table13-2: Available P rates (kg/ha) for build-up on mineral soils,,,,,,,,,,,,,,,,,,,,,,,,,,,,
43,13 Grassland Phosphorus,82,,Table13-2: Available P rates (kg/ha) for build-up on mineral soils,2,,Soil P Index,"Mineral soils1,2",,,,,,,,,,,,,,,,,,,,,,,,,,
43,13 Grassland Phosphorus,82,,Table13-2: Available P rates (kg/ha) for build-up on mineral soils,3,,1,20,,,,,,,,,,,,,,,,,,,,,,,,,,
43,13 Grassland Phosphorus,82,,Table13-2: Available P rates (kg/ha) for build-up on mineral soils,4,,2,10,,,,,,,,,,,,,,,,,,,,,,,,,,
43,13 Grassland Phosphorus,82,,Table13-2: Available P rates (kg/ha) for build-up on mineral soils,5,,3,0,,,,,,,,,,,,,,,,,,,,,,,,,,
43,13 Grassland Phosphorus,82,,Table13-2: Available P rates (kg/ha) for build-up on mineral soils,6,,4,0,,,,,,,,,,,,,,,,,,,,,,,,,,
43,13 Grassland Phosphorus,82,,Table13-2: Available P rates (kg/ha) for build-up on mineral soils,7,,1. Mineral soils are defined as soils with less than or equal to 20% organic matter,,,,,,,,,,,,,,,,,,,,,,,,,,,
43,13 Grassland Phosphorus,82,,Table13-2: Available P rates (kg/ha) for build-up on mineral soils,8,,2. Peat soils (i.e. soils with more than 20% organic matter) receive only maintenance,,,,,,,,,,,,,,,,,,,,,,,,,,,
43,13 Grassland Phosphorus,82,,Table13-2: Available P rates (kg/ha) for build-up on mineral soils,9,,rates of P,,,,,,,,,,,,,,,,,,,,,,,,,,,
45,13 Grassland Phosphorus,84,,Table13-4: Silage and hay: Soil P maintenance requirement to replace offtakes (kg/ha)15t/ha,1,Table13-4: Silage and hay: Soil P maintenance requirement to replace offtakes (kg/ha)15t/ha,,,,,,,,,,,,,,,,,,,,,,,,,,,,
45,13 Grassland Phosphorus,84,,Table13-4: Silage and hay: Soil P maintenance requirement to replace offtakes (kg/ha)15t/ha,2,,Soil P Index,First cut1,Second or subsequent cut,,,,,,,,,,,,,,,,,,,,,,,,,
45,13 Grassland Phosphorus,84,,Table13-4: Silage and hay: Soil P maintenance requirement to replace offtakes (kg/ha)15t/ha,3,,1-3,20,10,,,,,,,,,,,,,,,,,,,,,,,,,
45,13 Grassland Phosphorus,84,,Table13-4: Silage and hay: Soil P maintenance requirement to replace offtakes (kg/ha)15t/ha,4,,4,Do not apply chemical P,Do not apply chemical P,,,,,,,,,,,,,,,,,,,,,,,,,
45,13 Grassland Phosphorus,84,,Table13-4: Silage and hay: Soil P maintenance requirement to replace offtakes (kg/ha)15t/ha,5,,"1. P for soil P build-up, as determined by soil Index, should be added to the rates",,,,,,,,,,,,,,,,,,,,,,,,,,,
45,13 Grassland Phosphorus,84,,Table13-4: Silage and hay: Soil P maintenance requirement to replace offtakes (kg/ha)15t/ha,6,,shown above.,,,,,,,,,,,,,,,,,,,,,,,,,,,
45,13 Grassland Phosphorus,84,,Table13-4: Silage and hay: Soil P maintenance requirement to replace offtakes (kg/ha)15t/ha,7,,2. Add or subtract 4 kg/t of DM above or below a yield of 5 t/ha,,,,,,,,,,,,,,,,,,,,,,,,,,,
47,14 Grass K & Horses,86,,"Table13-6: Annual maximum fertilization rates of available P for grassland (grazing plus silage) on holdings on which grazing livestock are kept, as specified in the NAP regulations",1,"Table13-6: Annual maximum fertilization rates of available P for grassland (grazing plus silage) on holdings on which grazing livestock are kept, as specified in the NAP regulations",,,,,,,,,,,,,,,,,,,,,,,,,,,,
47,14 Grass K & Horses,86,,"Table13-6: Annual maximum fertilization rates of available P for grassland (grazing plus silage) on holdings on which grazing livestock are kept, as specified in the NAP regulations",2,,Grassland stocking rate,PhosphorusIndex,,,,,,,,,,,,,,,,,,,,,,,,,,
47,14 Grass K & Horses,86,,"Table13-6: Annual maximum fertilization rates of available P for grassland (grazing plus silage) on holdings on which grazing livestock are kept, as specified in the NAP regulations",3,,(kg/ha) of Org N1,1,2,3,4,,,,,,,,,,,,,,,,,,,,,,,
47,14 Grass K & Horses,86,,"Table13-6: Annual maximum fertilization rates of available P for grassland (grazing plus silage) on holdings on which grazing livestock are kept, as specified in the NAP regulations",4,,,"Available Phosphorus (kg/ha)2,3,6",,,,,,,,,,,,,,,,,,,,,,,,,,
47,14 Grass K & Horses,86,,"Table13-6: Annual maximum fertilization rates of available P for grassland (grazing plus silage) on holdings on which grazing livestock are kept, as specified in the NAP regulations",5,,< 85,27,17,7,0,,,,,,,,,,,,,,,,,,,,,,,
47,14 Grass K & Horses,86,,"Table13-6: Annual maximum fertilization rates of available P for grassland (grazing plus silage) on holdings on which grazing livestock are kept, as specified in the NAP regulations",6,,86-130,30,20,10,0,,,,,,,,,,,,,,,,,,,,,,,
47,14 Grass K & Horses,86,,"Table13-6: Annual maximum fertilization rates of available P for grassland (grazing plus silage) on holdings on which grazing livestock are kept, as specified in the NAP regulations",7,,131-170,33,23,13,0,,,,,,,,,,,,,,,,,,,,,,,
47,14 Grass K & Horses,86,,"Table13-6: Annual maximum fertilization rates of available P for grassland (grazing plus silage) on holdings on which grazing livestock are kept, as specified in the NAP regulations",8,,"Grassland stocking rate > 170 kg/ha4,5",,,,,,,,,,,,,,,,,,,,,,,,,,,
47,14 Grass K & Horses,86,,"Table13-6: Annual maximum fertilization rates of available P for grassland (grazing plus silage) on holdings on which grazing livestock are kept, as specified in the NAP regulations",9,,171-210,36,26,16,0,,,,,,,,,,,,,,,,,,,,,,,
47,14 Grass K & Horses,86,,"Table13-6: Annual maximum fertilization rates of available P for grassland (grazing plus silage) on holdings on which grazing livestock are kept, as specified in the NAP regulations",10,,211-250,39,29,19,0,,,,,,,,,,,,,,,,,,,,,,,
47,14 Grass K & Horses,86,,"Table13-6: Annual maximum fertilization rates of available P for grassland (grazing plus silage) on holdings on which grazing livestock are kept, as specified in the NAP regulations",11,,≥250,39,29,19,0,,,,,,,,,,,,,,,,,,,,,,,
47,14 Grass K & Horses,86,,"Table13-6: Annual maximum fertilization rates of available P for grassland (grazing plus silage) on holdings on which grazing livestock are kept, as specified in the NAP regulations",12,,1. Total annual nitrogen (kg) excreted by grazing livestock averaged over the net grassland,,,,,,,,,,,,,,,,,,,,,,,,,,,
47,14 Grass K & Horses,86,,"Table13-6: Annual maximum fertilization rates of available P for grassland (grazing plus silage) on holdings on which grazing livestock are kept, as specified in the NAP regulations",13,,area (grazing and silage area). Stocking rate refers to grassland area only.,,,,,,,,,,,,,,,,,,,,,,,,,,,
47,14 Grass K & Horses,86,,"Table13-6: Annual maximum fertilization rates of available P for grassland (grazing plus silage) on holdings on which grazing livestock are kept, as specified in the NAP regulations",14,,2. The fertilization rates for soils which have more than 20% organic matter (peat soils) shall,,,,,,,,,,,,,,,,,,,,,,,,,,,
47,14 Grass K & Horses,86,,"Table13-6: Annual maximum fertilization rates of available P for grassland (grazing plus silage) on holdings on which grazing livestock are kept, as specified in the NAP regulations",15,,not exceed the amounts permitted forIndex3 soils.,,,,,,,,,,,,,,,,,,,,,,,,,,,
47,14 Grass K & Horses,86,,"Table13-6: Annual maximum fertilization rates of available P for grassland (grazing plus silage) on holdings on which grazing livestock are kept, as specified in the NAP regulations",16,,3. Manure produced by grazing livestock on a holding may be applied to Index 4 soils on that,,,,,,,,,,,,,,,,,,,,,,,,,,,
47,14 Grass K & Horses,86,,"Table13-6: Annual maximum fertilization rates of available P for grassland (grazing plus silage) on holdings on which grazing livestock are kept, as specified in the NAP regulations",17,,holding in a situation where there is a surplus of such manure remaining after the,,,,,,,,,,,,,,,,,,,,,,,,,,,
47,14 Grass K & Horses,86,,"Table13-6: Annual maximum fertilization rates of available P for grassland (grazing plus silage) on holdings on which grazing livestock are kept, as specified in the NAP regulations",18,,"phosphorus fertilization needs of all crops on soils at P Indices 1, 2 or 3 on the holding",,,,,,,,,,,,,,,,,,,,,,,,,,,
47,14 Grass K & Horses,86,,"Table13-6: Annual maximum fertilization rates of available P for grassland (grazing plus silage) on holdings on which grazing livestock are kept, as specified in the NAP regulations",19,,have been met by the use only of such manure produced on the holding.,,,,,,,,,,,,,,,,,,,,,,,,,,,
47,14 Grass K & Horses,86,,"Table13-6: Annual maximum fertilization rates of available P for grassland (grazing plus silage) on holdings on which grazing livestock are kept, as specified in the NAP regulations",20,,4. The maximum phosphorus fertilization of grassland shall not exceed that specified for,,,,,,,,,,,,,,,,,,,,,,,,,,,
47,14 Grass K & Horses,86,,"Table13-6: Annual maximum fertilization rates of available P for grassland (grazing plus silage) on holdings on which grazing livestock are kept, as specified in the NAP regulations",21,,stocking rates less than or equal to 170 kg/ha/year unless a minimum of 5% of the net area,,,,,,,,,,,,,,,,,,,,,,,,,,,
47,14 Grass K & Horses,86,,"Table13-6: Annual maximum fertilization rates of available P for grassland (grazing plus silage) on holdings on which grazing livestock are kept, as specified in the NAP regulations",22,,of the holding is used to grow crops other than grass or a derogation applies in respect of,,,,,,,,,,,,,,,,,,,,,,,,,,,
47,14 Grass K & Horses,86,,"Table13-6: Annual maximum fertilization rates of available P for grassland (grazing plus silage) on holdings on which grazing livestock are kept, as specified in the NAP regulations",23,,the holding.,,,,,,,,,,,,,,,,,,,,,,,,,,,
47,14 Grass K & Horses,86,,"Table13-6: Annual maximum fertilization rates of available P for grassland (grazing plus silage) on holdings on which grazing livestock are kept, as specified in the NAP regulations",24,,5. This table does not imply any departure from Article 20(1) which prohibits the application to,,,,,,,,,,,,,,,,,,,,,,,,,,,
47,14 Grass K & Horses,86,,"Table13-6: Annual maximum fertilization rates of available P for grassland (grazing plus silage) on holdings on which grazing livestock are kept, as specified in the NAP regulations",25,,land on a holding of livestock manure in amounts which exceed 170kg Nitrogen per,,,,,,,,,,,,,,,,,,,,,,,,,,,
47,14 Grass K & Horses,86,,"Table13-6: Annual maximum fertilization rates of available P for grassland (grazing plus silage) on holdings on which grazing livestock are kept, as specified in the NAP regulations",26,,"hectare per year, including that deposited by the animals themselves (or 250kg in the case",,,,,,,,,,,,,,,,,,,,,,,,,,,
47,14 Grass K & Horses,86,,"Table13-6: Annual maximum fertilization rates of available P for grassland (grazing plus silage) on holdings on which grazing livestock are kept, as specified in the NAP regulations",27,,of a holding to which a derogation has been granted in accordance with the Nitrates,,,,,,,,,,,,,,,,,,,,,,,,,,,
47,14 Grass K & Horses,86,,"Table13-6: Annual maximum fertilization rates of available P for grassland (grazing plus silage) on holdings on which grazing livestock are kept, as specified in the NAP regulations",28,,Directive).,,,,,,,,,,,,,,,,,,,,,,,,,,,
47,14 Grass K & Horses,86,,"Table13-6: Annual maximum fertilization rates of available P for grassland (grazing plus silage) on holdings on which grazing livestock are kept, as specified in the NAP regulations",29,,6. An additional 15 kg of phosphorus per hectare may be applied on soils at phosphorus,,,,,,,,,,,,,,,,,,,,,,,,,,,
47,14 Grass K & Horses,86,,"Table13-6: Annual maximum fertilization rates of available P for grassland (grazing plus silage) on holdings on which grazing livestock are kept, as specified in the NAP regulations",30,,"indices 1, 2, or 3 foreach hectare of pasture establishment undertaken.",,,,,,,,,,,,,,,,,,,,,,,,,,,
47,14 Grass K & Horses,86,,"Table13-6: Annual maximum fertilization rates of available P for grassland (grazing plus silage) on holdings on which grazing livestock are kept, as specified in the NAP regulations",31,,"Source: (NAP,S.I.605of 2017,)",,,,,,,,,,,,,,,,,,,,,,,,,,,
48,14 Grass K & Horses,87,,"Table13-7: Annual maximum fertilization rates of available P for grassland (cut only, no grazing livestock on holding) as specified in the NAP regulations",1,"Table13-7: Annual maximum fertilization rates of available P for grassland (cut only, no grazing livestock on holding) as specified in the NAP regulations",,,,,,,,,,,,,,,,,,,,,,,,,,,,
48,14 Grass K & Horses,87,,"Table13-7: Annual maximum fertilization rates of available P for grassland (cut only, no grazing livestock on holding) as specified in the NAP regulations",2,,,PhosphorusIndex,,,,,,,,,,,,,,,,,,,,,,,,,,
48,14 Grass K & Horses,87,,"Table13-7: Annual maximum fertilization rates of available P for grassland (cut only, no grazing livestock on holding) as specified in the NAP regulations",3,,,1,2,3,4,,,,,,,,,,,,,,,,,,,,,,,
48,14 Grass K & Horses,87,,"Table13-7: Annual maximum fertilization rates of available P for grassland (cut only, no grazing livestock on holding) as specified in the NAP regulations",4,,,"Available Phosphorus (kg/ha)1,2",,,,,,,,,,,,,,,,,,,,,,,,,,
48,14 Grass K & Horses,87,,"Table13-7: Annual maximum fertilization rates of available P for grassland (cut only, no grazing livestock on holding) as specified in the NAP regulations",5,,First cut,40,30,20,0,,,,,,,,,,,,,,,,,,,,,,,
48,14 Grass K & Horses,87,,"Table13-7: Annual maximum fertilization rates of available P for grassland (cut only, no grazing livestock on holding) as specified in the NAP regulations",6,,Subsequent cuts,10,10,10,0,,,,,,,,,,,,,,,,,,,,,,,
48,14 Grass K & Horses,87,,"Table13-7: Annual maximum fertilization rates of available P for grassland (cut only, no grazing livestock on holding) as specified in the NAP regulations",7,,1. The fertilization rates for soils which have more than 20% organic matter (peat soils) shall,,,,,,,,,,,,,,,,,,,,,,,,,,,
48,14 Grass K & Horses,87,,"Table13-7: Annual maximum fertilization rates of available P for grassland (cut only, no grazing livestock on holding) as specified in the NAP regulations",8,,not exceed the amounts permitted forIndex3 soils.,,,,,,,,,,,,,,,,,,,,,,,,,,,
48,14 Grass K & Horses,87,,"Table13-7: Annual maximum fertilization rates of available P for grassland (cut only, no grazing livestock on holding) as specified in the NAP regulations",9,,2. The fertilization rates in this table apply to those areas of farms where hay or silage is,,,,,,,,,,,,,,,,,,,,,,,,,,,
48,14 Grass K & Horses,87,,"Table13-7: Annual maximum fertilization rates of available P for grassland (cut only, no grazing livestock on holding) as specified in the NAP regulations",10,,produced for sale off the holding on farms stocked at < 1 LU/ha (equivalent to < 85 kg,,,,,,,,,,,,,,,,,,,,,,,,,,,
48,14 Grass K & Horses,87,,"Table13-7: Annual maximum fertilization rates of available P for grassland (cut only, no grazing livestock on holding) as specified in the NAP regulations",11,,organic N grassland stocking rate).,,,,,,,,,,,,,,,,,,,,,,,,,,,
48,14 Grass K & Horses,87,,"Table13-7: Annual maximum fertilization rates of available P for grassland (cut only, no grazing livestock on holding) as specified in the NAP regulations",12,,"Source: (NAP,S.I.605of 2017)",,,,,,,,,,,,,,,,,,,,,,,,,,,
51,16 Cereals,89,,Table14-3:Chemical K fertilizer advice for silage (kg/ha) where 33 t/ha of cattle slurry is applied to the first cut1. The advice assumesa herbage dry matter yield of 5 t/ha2,1,Table14-3:Chemical K fertilizer advice for silage (kg/ha) where 33 t/ha of cattle slurry is applied to the first cut1. The advice assumesa herbage dry matter yield of 5 t/ha2,,,,,,,,,,,,,,,,,,,,,,,,,,,,
51,16 Cereals,89,,Table14-3:Chemical K fertilizer advice for silage (kg/ha) where 33 t/ha of cattle slurry is applied to the first cut1. The advice assumesa herbage dry matter yield of 5 t/ha2,2,Soil K Index,First cut,,,,,,,,,,,,,,,,,,,,,,,,,,,
51,16 Cereals,89,,Table14-3:Chemical K fertilizer advice for silage (kg/ha) where 33 t/ha of cattle slurry is applied to the first cut1. The advice assumesa herbage dry matter yield of 5 t/ha2,3,1,79,,,,,,,,,,,,,,,,,,,,,,,,,,,
51,16 Cereals,89,,Table14-3:Chemical K fertilizer advice for silage (kg/ha) where 33 t/ha of cattle slurry is applied to the first cut1. The advice assumesa herbage dry matter yield of 5 t/ha2,4,2,49,,,,,,,,,,,,,,,,,,,,,,,,,,,
51,16 Cereals,89,,Table14-3:Chemical K fertilizer advice for silage (kg/ha) where 33 t/ha of cattle slurry is applied to the first cut1. The advice assumesa herbage dry matter yield of 5 t/ha2,5,3,10,,,,,,,,,,,,,,,,,,,,,,,,,,,
51,16 Cereals,89,,Table14-3:Chemical K fertilizer advice for silage (kg/ha) where 33 t/ha of cattle slurry is applied to the first cut1. The advice assumesa herbage dry matter yield of 5 t/ha2,6,4,03,,,,,,,,,,,,,,,,,,,,,,,,,,,
51,16 Cereals,89,,Table14-3:Chemical K fertilizer advice for silage (kg/ha) where 33 t/ha of cattle slurry is applied to the first cut1. The advice assumesa herbage dry matter yield of 5 t/ha2,7,1. Adjust chemical K fertiliser rates based slurry nutrient content and application rate (see,,,,,,,,,,,,,,,,,,,,,,,,,,,,
51,16 Cereals,89,,Table14-3:Chemical K fertilizer advice for silage (kg/ha) where 33 t/ha of cattle slurry is applied to the first cut1. The advice assumesa herbage dry matter yield of 5 t/ha2,8,"table 9-3, 9-4 and 9-8). SeeTable9-5 & 9-6for other types oflivestock manures.",,,,,,,,,,,,,,,,,,,,,,,,,,,,
51,16 Cereals,89,,Table14-3:Chemical K fertilizer advice for silage (kg/ha) where 33 t/ha of cattle slurry is applied to the first cut1. The advice assumesa herbage dry matter yield of 5 t/ha2,9,2. Increase K by 25 kg/ha for each extra t/ha of dry matter produced (i.e. for each 5 t/ha of,,,,,,,,,,,,,,,,,,,,,,,,,,,,
51,16 Cereals,89,,Table14-3:Chemical K fertilizer advice for silage (kg/ha) where 33 t/ha of cattle slurry is applied to the first cut1. The advice assumesa herbage dry matter yield of 5 t/ha2,10,freshweight).,,,,,,,,,,,,,,,,,,,,,,,,,,,,
51,16 Cereals,89,,Table14-3:Chemical K fertilizer advice for silage (kg/ha) where 33 t/ha of cattle slurry is applied to the first cut1. The advice assumesa herbage dry matter yield of 5 t/ha2,11,3. No K is required in the year of sampling. For subsequent years use Index3 advice,,,,,,,,,,,,,,,,,,,,,,,,,,,,
51,16 Cereals,89,,Table14-3:Chemical K fertilizer advice for silage (kg/ha) where 33 t/ha of cattle slurry is applied to the first cut1. The advice assumesa herbage dry matter yield of 5 t/ha2,12,pending afurther soil test.,,,,,,,,,,,,,,,,,,,,,,,,,,,,
51,16 Cereals,89,,Table14-3:Chemical K fertilizer advice for silage (kg/ha) where 33 t/ha of cattle slurry is applied to the first cut1. The advice assumesa herbage dry matter yield of 5 t/ha2,13,4. Note the K content in cattle slurry can be variable and lower rates of K than specified in,,,,,,,,,,,,,,,,,,,,,,,,,,,,
51,16 Cereals,89,,Table14-3:Chemical K fertilizer advice for silage (kg/ha) where 33 t/ha of cattle slurry is applied to the first cut1. The advice assumesa herbage dry matter yield of 5 t/ha2,14,this table may be applied especially where cattle slurry is more dilute i.e. lower dry matter,,,,,,,,,,,,,,,,,,,,,,,,,,,,
51,16 Cereals,89,,Table14-3:Chemical K fertilizer advice for silage (kg/ha) where 33 t/ha of cattle slurry is applied to the first cut1. The advice assumesa herbage dry matter yield of 5 t/ha2,15,(see table 9-8).,,,,,,,,,,,,,,,,,,,,,,,,,,,,
52,16 Cereals,90,,Table14-4: Potassiumfor pasture establishment without a cover crop1,1,Table14-4: Potassiumfor pasture establishment without a cover crop1,,,,,,,,,,,,,,,,,,,,,,,,,,,,
52,16 Cereals,90,,Table14-4: Potassiumfor pasture establishment without a cover crop1,2,Soil K Index1,,Grass only,Grass/legume,,,,,,,,,,,,,,,,,,,,,,,,,
52,16 Cereals,90,,Table14-4: Potassiumfor pasture establishment without a cover crop1,3,,,kg K/ha,kg K/ha,,,,,,,,,,,,,,,,,,,,,,,,,
52,16 Cereals,90,,Table14-4: Potassiumfor pasture establishment without a cover crop1,4,,1,110,120,,,,,,,,,,,,,,,,,,,,,,,,,
52,16 Cereals,90,,Table14-4: Potassiumfor pasture establishment without a cover crop1,5,,2,75,90,,,,,,,,,,,,,,,,,,,,,,,,,
52,16 Cereals,90,,Table14-4: Potassiumfor pasture establishment without a cover crop1,6,,3,50,60,,,,,,,,,,,,,,,,,,,,,,,,,
52,16 Cereals,90,,Table14-4: Potassiumfor pasture establishment without a cover crop1,7,,4,30,40,,,,,,,,,,,,,,,,,,,,,,,,,
52,16 Cereals,90,,Table14-4: Potassiumfor pasture establishment without a cover crop1,8,,1.See Table6-5 for KIndexsystem.,,,,,,,,,,,,,,,,,,,,,,,,,,,
